mmT-miR__KEY,d1338_1_counts,d1338_2_counts,d1338_3_counts,d997_1_counts,d997_2_counts,d997_3_counts,mf1_counts,mf2_counts,mf3_counts,wt1_counts,wt2_counts,wt3_counts
mmT-let-7a-5p,6,89,15,10,13,26,46526,195992,70583,67675,83293,20127
mmT-let-7b-5p,7,46,4,11,7,12,2116,9128,3428,2509,3304,760
mmT-let-7c-5p,8,93,13,11,8,22,12758,56892,19568,14486,19403,4704
mmT-let-7d-5p,1,17,2,4,5,2,8550,37010,13799,10500,13791,3307
mmT-let-7f-5p,47,349,55,54,47,86,286610,1395484,403825,386548,474579,126886
mmT-let-7g-5p,63,505,126,135,155,230,111267,541598,184448,167837,198214,55758
mmT-let-7i-5p,202,1354,278,428,439,741,258394,1155854,350016,555746,713445,195601
mmT-miR-100-5p,6,27,4,4,3,10,137,603,181,76,106,21
mmT-miR-101a-3p,1,9,4,zero,1,zero,4179,27500,6166,4102,3021,1036
mmT-miR-101b-3p,3,10,5,2,1,zero,209,1088,327,188,141,62
mmT-miR-103-3p,2,10,2,7,4,8,8709,54721,19744,6047,8253,2168
mmT-miR-107-3p,2,15,1,1,7,5,341,1711,725,246,259,78
mmT-miR-10a-5p,49,255,60,47,61,77,110443,607106,153492,83564,111350,30042
mmT-miR-1198-5p,1,1,zero,zero,1,2,785,3573,1128,779,1047,256
mmT-miR-125a-5p,4,14,2,4,3,2,5165,25489,8830,2645,3944,985
mmT-miR-125b-5p,3,9,1,1,1,1,1612,8260,2908,627,836,217
mmT-miR-1291,32,231,18,12,10,26,67,428,135,98,79,20
mmT-miR-132-5p,1,zero,zero,zero,zero,3,34,149,66,112,150,30
mmT-miR-139-5p,3,18,4,4,1,2,1640,8634,2525,1043,1147,268
mmT-miR-140-3p,6,38,4,8,12,16,9108,60989,16987,6446,5515,1516
mmT-miR-140-5p,2,5,zero,1,2,1,843,4103,1616,907,1135,300
mmT-miR-142a-3p,2,2,1,zero,1,1,1703,8493,3475,2820,2317,739
mmT-miR-146a-5p,28,173,22,99,76,149,26774,145651,53726,47929,69038,20960
mmT-miR-146b-5p,43,333,48,140,118,207,15814,78693,26144,21953,24700,7265
mmT-miR-147-3p,1,3,zero,1,3,1,2996,15712,5155,3624,3741,1163
mmT-miR-148a-3p,29,271,53,38,27,23,54794,311538,72197,63094,74250,22174
mmT-miR-148b-3p,13,104,15,21,11,23,11112,68187,17758,12335,13139,4149
mmT-miR-150-5p,1,2,zero,zero,zero,1,3831,24180,6685,591,3566,671
mmT-miR-151-3p,4,21,4,2,2,2,2492,12878,3180,1606,1837,458
mmT-miR-152-3p,5,22,5,2,4,5,541,3536,1247,615,783,233
mmT-miR-152-5p,1,1,zero,zero,zero,zero,69,471,129,44,40,18
mmT-miR-155-5p,6,60,4,49,32,77,10252,54487,17995,29898,35764,10064
mmT-miR-15b-3p,1,1,zero,zero,zero,zero,54,515,129,84,76,25
mmT-miR-16-5p,5,25,6,8,2,7,2076,13080,4870,3954,4169,1155
mmT-miR-17-5p,2,3,zero,zero,zero,zero,336,2168,982,350,504,125
mmT-miR-181a-1-3p,1,1,1,zero,1,zero,151,930,253,128,134,27
mmT-miR-181a-5p,6,50,8,7,10,14,6060,31373,11520,5034,5717,1448
mmT-miR-182-5p,47,380,72,373,284,541,945,6883,1630,1736,1832,465
mmT-miR-1839-5p,5,40,8,6,3,8,2742,17559,4855,1679,3182,923
mmT-miR-185-5p,2,19,2,2,2,11,3251,18039,5954,2835,3579,949
mmT-miR-186-5p,2,19,4,6,3,7,2243,11720,4533,2621,2727,709
mmT-miR-191-5p,7,36,4,14,4,16,21110,115662,40770,12371,19146,4735
mmT-miR-192-5p,3,21,7,3,zero,1,4673,29649,7662,3534,3517,988
mmT-miR-194-5p,1,11,1,2,zero,2,816,4668,1843,828,963,233
mmT-miR-1961,2,9,8,4,1,2,3,12,4,3,1,1
mmT-miR-1981-5p,1,5,zero,zero,zero,zero,467,2827,688,494,419,127
mmT-miR-199a-3p,4,35,2,3,2,3,659,3933,1469,1035,1097,342
mmT-miR-199b-3p,3,25,5,3,4,4,616,3916,1445,1069,1112,300
mmT-miR-203-3p,1,1,zero,zero,zero,zero,363,2309,768,281,347,105
mmT-miR-20a-5p,3,3,1,zero,zero,1,923,5575,2509,1236,1441,387
mmT-miR-210-3p,1,10,1,5,4,2,964,4788,2004,1027,1039,314
mmT-miR-21a-5p,2980,20005,3423,2609,2239,3921,447740,2421028,930969,783061,822829,263491
mmT-miR-21c,63,325,61,49,33,64,104,555,191,215,207,68
mmT-miR-221-3p,8,78,11,37,24,49,6319,34833,13587,17375,19848,5550
mmT-miR-221-5p,587,6000,1194,2897,2663,4704,2877,16613,4386,5615,6624,1902
mmT-miR-222-3p,10,110,10,52,25,99,4093,18989,6737,7013,9240,2337
mmT-miR-223-3p,2,8,1,2,1,5,910,6166,1951,896,1059,260
mmT-miR-223-5p,1,14,zero,1,1,1,1781,8591,2764,2037,2758,743
mmT-miR-22-3p,27,163,18,46,28,48,53725,247598,87310,53442,70350,16775
mmT-miR-23a-3p,1,9,2,2,3,5,8885,57064,17711,7510,8690,2159
mmT-miR-24-3p,11,35,8,6,3,13,14481,83676,29409,16382,20577,5615
mmT-miR-25-3p,6,38,6,12,4,5,7904,53357,16113,7989,9793,2625
mmT-miR-26a-5p,36,234,33,18,13,38,36038,184845,62061,34540,39893,9884
mmT-miR-26b-5p,12,38,5,5,4,9,3620,18090,6224,5136,5132,1429
mmT-miR-27a-3p,24,122,41,25,26,39,10919,64905,22698,12813,10738,3133
mmT-miR-27b-3p,40,137,33,34,30,61,28624,180230,59432,54170,58882,18450
mmT-miR-29a-3p,2,29,6,7,6,11,7461,41188,14897,7451,7995,2202
mmT-miR-29b-2-5p,1,4,1,zero,1,1,18,75,40,18,21,7
mmT-miR-30a-5p,28,108,8,19,6,21,3620,24704,7268,2534,3711,1309
mmT-miR-30b-5p,2,9,3,7,1,1,2405,15731,4950,2900,3207,850
mmT-miR-30c-5p,3,17,3,1,1,3,2032,12153,4470,2552,2783,642
mmT-miR-30d-5p,112,518,79,108,75,149,54087,323599,104382,26305,44007,12856
mmT-miR-30e-5p,7,50,4,5,3,10,1015,5928,2242,917,1178,395
mmT-miR-328-3p,1,1,zero,zero,zero,zero,2478,12022,3567,1245,1192,338
mmT-miR-339-5p,1,5,zero,zero,2,zero,557,2931,1109,268,242,61
mmT-miR-340-5p,5,33,8,5,3,6,15054,75321,24647,18003,15820,5234
mmT-miR-3535,605,6896,728,1033,1042,1649,3294,16287,4276,2694,2652,838
mmT-miR-361-3p,334,2265,429,437,369,752,9314,50212,14329,6289,8129,2008
mmT-miR-378a-3p,7,49,11,26,20,26,19733,129747,36092,16595,19549,5147
mmT-miR-378c,7,27,5,15,11,18,5181,34339,9870,2871,3266,922
mmT-miR-423-3p,2,8,1,2,zero,1,9076,36893,12194,3011,3538,901
mmT-miR-467c-5p,1,zero,zero,zero,zero,zero,40,235,85,49,76,38
mmT-miR-500-3p,1,zero,zero,zero,1,zero,150,808,262,104,98,33
mmT-miR-501-3p,1,4,zero,3,2,1,5901,30452,9112,3139,4993,1184
mmT-miR-532-5p,6,44,6,7,12,10,40170,203287,49319,33340,43767,10748
mmT-miR-541-5p,9,39,4,109,92,178,67,327,96,68,111,21
mmT-miR-652-3p,1,7,3,6,5,zero,987,5462,1836,511,795,184
mmT-miR-7054-5p,1,6,zero,zero,zero,1,zero,zero,2,1,2,zero
mmT-miR-744-5p,1,1,zero,zero,1,zero,1227,6125,1933,1125,1150,284
mmT-miR-7a-5p,33,230,36,80,46,115,11084,58977,17033,15888,19325,5913
mmT-miR-92a-3p,11,80,11,6,5,7,895,4441,1453,402,423,110
mmT-miR-98-5p,2,6,1,2,1,4,1387,6345,2557,3180,3674,908
mmT-miR-99a-5p,53,181,42,12,7,26,17919,83812,28948,11621,14097,3925
mmT-miR-99b-3p,5,15,1,zero,2,6,539,2750,723,531,582,196
mmT-miR-99b-5p,17,62,7,11,8,26,20141,108420,28478,18138,18477,4920
mmT-let-7a-1-3p,zero,1,zero,zero,zero,zero,55,292,80,88,59,27
mmT-let-7c-2-3p,zero,1,zero,zero,zero,zero,50,294,101,94,61,20
mmT-let-7d-3p,zero,3,2,zero,3,1,3891,17518,5062,1781,2045,491
mmT-let-7e-5p,zero,6,1,1,2,zero,3435,15694,5292,8152,10206,2634
mmT-let-7f-1-3p,zero,1,zero,zero,zero,zero,16,80,36,7,16,4
mmT-let-7j,zero,7,zero,1,zero,3,61,232,75,123,155,27
mmT-miR-101b-5p,zero,1,zero,zero,zero,zero,zero,zero,zero,zero,zero,zero
mmT-miR-106b-3p,zero,8,1,zero,3,3,2027,12745,3399,853,1193,315
mmT-miR-10b-5p,zero,7,zero,3,1,zero,579,3429,841,357,628,142
mmT-miR-1249-5p,zero,4,zero,zero,zero,zero,2,19,7,5,1,1
mmT-miR-125a-3p,zero,5,zero,zero,zero,1,198,901,255,217,240,79
mmT-miR-128-3p,zero,8,1,3,1,1,700,3728,1056,1031,1030,306
mmT-miR-129-5p,zero,1,zero,zero,zero,zero,28,166,31,79,93,16
mmT-miR-130b-5p,zero,1,zero,zero,zero,zero,128,793,208,82,87,20
mmT-miR-132-3p,zero,1,zero,1,3,4,301,2338,776,908,1042,228
mmT-miR-142a-5p,zero,5,zero,zero,zero,zero,2811,14928,5061,3655,2821,931
mmT-miR-143-3p,zero,1,zero,zero,1,1,112,673,155,150,268,88
mmT-miR-146b-3p,zero,1,zero,zero,zero,1,202,1305,477,187,226,74
mmT-miR-149-5p,zero,1,zero,zero,zero,zero,102,717,212,243,323,63
mmT-miR-150-3p,zero,1,zero,zero,zero,zero,70,317,93,22,40,8
mmT-miR-151-5p,zero,1,zero,zero,1,zero,73,357,137,67,97,27
mmT-miR-15a-3p,zero,1,zero,zero,zero,zero,11,42,13,zero,2,1
mmT-miR-15a-5p,zero,2,1,zero,zero,zero,114,574,209,113,123,36
mmT-miR-16-1-3p,zero,2,2,zero,1,zero,529,2943,782,246,264,80
mmT-miR-181a-2-3p,zero,2,zero,zero,zero,zero,53,261,77,18,29,7
mmT-miR-181b-5p,zero,9,2,1,2,zero,437,2044,788,525,567,157
mmT-miR-181d-5p,zero,1,zero,zero,zero,1,123,717,271,210,248,77
mmT-miR-1843a-5p,zero,2,zero,zero,zero,zero,904,5427,1496,685,809,205
mmT-miR-184-3p,zero,3,zero,zero,1,zero,800,3953,1075,702,851,190
mmT-miR-1943-5p,zero,2,zero,zero,zero,zero,135,569,182,50,67,29
mmT-miR-1964-3p,zero,2,zero,1,zero,zero,1549,6405,1614,578,734,202
mmT-miR-199a-5p,zero,1,zero,zero,zero,zero,46,176,59,40,37,10
mmT-miR-199b-5p,zero,4,zero,1,zero,zero,197,1214,476,265,247,58
mmT-miR-19a-3p,zero,1,zero,zero,zero,zero,33,149,44,29,33,8
mmT-miR-19b-3p,zero,2,zero,zero,1,zero,245,1423,428,193,369,94
mmT-miR-200a-3p,zero,2,zero,1,zero,zero,545,3530,1155,484,595,158
mmT-miR-212-5p,zero,3,zero,1,zero,zero,262,1367,360,601,760,171
mmT-miR-21a-3p,zero,1,zero,zero,1,1,633,2836,1019,588,292,103
mmT-miR-21b,zero,9,1,1,2,zero,4,12,4,zero,4,1
mmT-miR-22-5p,zero,1,zero,1,zero,1,750,3366,1004,748,888,211
mmT-miR-23b-3p,zero,5,zero,1,1,2,1190,7167,2255,976,1116,279
mmT-miR-24-2-5p,zero,3,1,1,zero,zero,3245,18067,5787,3265,3731,1063
mmT-miR-26a-2-3p,zero,1,zero,zero,zero,zero,24,93,33,33,24,5
mmT-miR-26b-3p,zero,1,zero,zero,zero,1,21,96,30,23,21,3
mmT-miR-27a-5p,zero,1,zero,zero,1,1,1333,7016,1828,853,1082,273
mmT-miR-28a-3p,zero,4,2,1,1,1,1740,9163,2477,1793,2360,639
mmT-miR-29b-3p,zero,3,zero,zero,zero,zero,279,1412,431,287,301,125
mmT-miR-29c-3p,zero,1,zero,zero,zero,1,87,454,119,92,73,24
mmT-miR-3068-3p,zero,2,zero,zero,zero,zero,121,846,214,148,159,40
mmT-miR-3068-5p,zero,1,zero,zero,1,zero,229,1391,428,294,272,92
mmT-miR-30a-3p,zero,6,zero,zero,1,zero,292,1712,399,262,315,82
mmT-miR-30c-2-3p,zero,1,zero,zero,zero,zero,144,716,196,97,118,30
mmT-miR-30e-3p,zero,3,zero,1,1,1,983,6126,1651,1162,1334,357
mmT-miR-320-3p,zero,7,1,2,3,2,804,3914,1182,538,716,173
mmT-miR-324-3p,zero,1,zero,zero,zero,zero,18,68,22,6,6,1
mmT-miR-331-3p,zero,1,zero,zero,zero,zero,35,196,58,16,26,5
mmT-miR-339-3p,zero,1,zero,zero,zero,zero,142,627,229,52,73,19
mmT-miR-342-3p,zero,6,1,2,1,7,6957,39837,11273,4291,5161,1165
mmT-miR-34c-5p,zero,4,1,zero,zero,zero,404,2254,718,920,958,253
mmT-miR-350-3p,zero,1,zero,zero,zero,1,290,2385,682,392,384,98
mmT-miR-351-5p,zero,2,zero,1,zero,zero,269,1382,443,167,188,43
mmT-miR-362-3p,zero,2,zero,zero,zero,zero,88,578,274,228,154,58
mmT-miR-362-5p,zero,2,zero,4,zero,zero,174,933,365,177,176,60
mmT-miR-378b,zero,2,zero,zero,1,zero,280,1653,452,166,198,69
mmT-miR-423-5p,zero,2,1,zero,1,1,7622,38704,10214,3896,5258,1148
mmT-miR-425-5p,zero,4,zero,2,2,2,602,3335,1074,257,427,102
mmT-miR-451a,zero,4,zero,2,zero,zero,1129,8201,2167,15,21,9
mmT-miR-455-5p,zero,1,zero,zero,zero,zero,26,208,58,7,7,zero
mmT-miR-484,zero,7,4,2,1,3,1745,7950,2840,1107,1282,258
mmT-miR-486a-5p,zero,7,1,zero,zero,1,1840,14688,3926,31,38,10
mmT-miR-500-5p,zero,14,1,3,4,8,3,16,2,3,3,zero
mmT-miR-503-5p,zero,1,zero,zero,zero,zero,104,614,225,70,134,34
mmT-miR-5099,zero,6,1,2,5,8,693,3909,978,499,701,145
mmT-miR-5106,zero,5,zero,zero,zero,zero,zero,3,1,zero,zero,zero
mmT-miR-5129-3p,zero,1,zero,zero,zero,zero,50,305,78,26,40,18
mmT-miR-664-3p,zero,1,zero,zero,zero,zero,57,263,82,21,23,3
mmT-miR-669c-5p,zero,1,2,1,zero,3,49,222,91,385,569,138
mmT-miR-669p-5p,zero,1,zero,zero,zero,zero,129,599,181,141,188,51
mmT-miR-672-5p,zero,3,zero,zero,zero,zero,145,706,201,160,246,62
mmT-miR-674-3p,zero,3,zero,1,zero,zero,2391,12440,3330,1381,1523,370
mmT-miR-677-3p,zero,1,zero,zero,zero,zero,zero,9,3,2,zero,1
mmT-miR-6899-5p,zero,1,zero,zero,zero,zero,zero,1,zero,zero,zero,zero
mmT-miR-6970-5p,zero,1,zero,zero,zero,zero,zero,6,zero,1,1,zero
mmT-miR-7043-3p,zero,1,zero,zero,zero,1,157,679,207,130,126,44
mmT-miR-708-3p,zero,1,zero,zero,zero,zero,90,415,106,115,101,41
mmT-miR-7091-3p,zero,1,zero,1,zero,zero,10,71,15,13,2,6
mmT-miR-770-5p,zero,1,zero,zero,zero,zero,1,zero,zero,zero,zero,zero
mmT-miR-872-3p,zero,1,zero,zero,zero,zero,22,147,48,22,24,1
mmT-miR-877-5p,zero,1,zero,zero,zero,zero,2,21,6,3,2,zero
mmT-miR-93-5p,zero,2,1,1,1,1,815,5007,1917,666,831,279
mmT-miR-99a-3p,zero,1,zero,zero,zero,zero,zero,zero,zero,zero,zero,zero
mmT-miR-10a-3p,zero,zero,1,1,zero,zero,135,725,261,151,190,53
mmT-miR-17-3p,zero,zero,1,1,zero,zero,65,343,157,51,69,9
mmT-miR-185-3p,zero,zero,1,zero,zero,zero,173,864,234,108,128,31
mmT-miR-330-3p,zero,zero,1,zero,zero,zero,14,112,43,19,18,2
mmT-miR-361-5p,zero,zero,1,1,2,zero,223,1144,389,189,228,55
mmT-miR-375-3p,zero,zero,1,1,zero,zero,25,115,31,9,10,3
mmT-miR-378a-5p,zero,zero,2,1,zero,zero,744,3341,1003,395,516,134
mmT-miR-486b-5p,zero,zero,1,1,zero,zero,1889,14630,3969,25,38,14
mmT-miR-6395,zero,zero,1,zero,zero,zero,3,24,7,zero,zero,zero
mmT-let-7k,zero,zero,zero,1,zero,zero,1,20,5,4,9,3
mmT-miR-15b-5p,zero,zero,zero,1,1,zero,862,5244,1701,491,606,146
mmT-miR-1955-5p,zero,zero,zero,1,zero,1,5,42,14,3,zero,1
mmT-miR-200c-3p,zero,zero,zero,1,zero,zero,180,1016,355,216,268,57
mmT-miR-300-3p,zero,zero,zero,1,zero,zero,15,103,41,14,18,3
mmT-miR-3088-3p,zero,zero,zero,1,zero,zero,2,5,1,1,zero,zero
mmT-miR-382-5p,zero,zero,zero,1,zero,zero,zero,20,5,6,3,1
mmT-miR-574-5p,zero,zero,zero,1,zero,1,66,295,90,628,804,185
mmT-miR-664-5p,zero,zero,zero,1,zero,zero,36,200,56,31,35,14
mmT-miR-667-5p,zero,zero,zero,1,2,zero,zero,1,zero,1,zero,zero
mmT-miR-674-5p,zero,zero,zero,1,zero,zero,222,1211,372,215,256,94
mmT-miR-7649-5p,zero,zero,zero,1,zero,zero,2,22,6,2,3,zero
mmT-miR-127-3p,zero,zero,zero,zero,1,2,163,845,258,101,205,32
mmT-miR-212-3p,zero,zero,zero,zero,1,zero,32,174,44,61,73,15
mmT-miR-326-3p,zero,zero,zero,zero,1,zero,402,2239,656,359,366,91
mmT-miR-34a-5p,zero,zero,zero,zero,1,zero,45,310,95,73,83,20
mmT-miR-421-3p,zero,zero,zero,zero,1,zero,30,179,67,27,27,7
mmT-miR-466f,zero,zero,zero,zero,1,zero,2,10,3,1,1,1
mmT-miR-5114,zero,zero,zero,zero,1,1,24,105,22,8,11,3
mmT-miR-6240,zero,zero,zero,zero,1,zero,4,65,8,5,3,2
mmT-let-7i-3p,zero,zero,zero,zero,zero,1,121,594,212,136,127,25
mmT-miR-1249-3p,zero,zero,zero,zero,zero,1,298,1525,436,100,90,21
mmT-miR-125b-2-3p,zero,zero,zero,zero,zero,1,78,333,111,54,49,11
mmT-miR-139-3p,zero,zero,zero,zero,zero,1,122,508,143,64,84,14
mmT-miR-155-3p,zero,zero,zero,zero,zero,1,61,303,70,104,93,34
mmT-miR-320-5p,zero,zero,zero,zero,zero,1,zero,2,1,zero,zero,1
mmT-miR-363-3p,zero,zero,zero,zero,zero,1,37,207,77,33,38,13
mmT-miR-434-5p,zero,zero,zero,zero,zero,1,10,83,18,9,15,6
mmT-let-7b-3p,zero,zero,zero,zero,zero,zero,15,39,16,7,2,5
mmT-let-7c-1-3p,zero,zero,zero,zero,zero,zero,1,15,2,1,zero,zero
mmT-let-7e-3p,zero,zero,zero,zero,zero,zero,59,282,95,19,53,15
mmT-let-7f-2-3p,zero,zero,zero,zero,zero,zero,5,23,4,1,3,zero
mmT-miR-101a-5p,zero,zero,zero,zero,zero,zero,2,9,zero,zero,zero,zero
mmT-miR-101c,zero,zero,zero,zero,zero,zero,2,20,9,5,zero,1
mmT-miR-106a-5p,zero,zero,zero,zero,zero,zero,6,24,27,5,6,1
mmT-miR-106b-5p,zero,zero,zero,zero,zero,zero,161,966,328,117,142,38
mmT-miR-1187,zero,zero,zero,zero,zero,zero,3,zero,zero,1,4,zero
mmT-miR-1191a,zero,zero,zero,zero,zero,zero,20,170,35,13,17,zero
mmT-miR-1191b-5p,zero,zero,zero,zero,zero,zero,10,60,14,2,2,2
mmT-miR-1195,zero,zero,zero,zero,zero,zero,10,39,19,1,6,zero
mmT-miR-1198-3p,zero,zero,zero,zero,zero,zero,2,15,7,1,1,2
mmT-miR-12178-3p,zero,zero,zero,zero,zero,zero,6,19,7,1,zero,2
mmT-miR-12182-3p,zero,zero,zero,zero,zero,zero,5,48,9,4,5,3
mmT-miR-12189-3p,zero,zero,zero,zero,zero,zero,6,11,2,1,1,zero
mmT-miR-12191-3p,zero,zero,zero,zero,zero,zero,3,18,2,3,1,zero
mmT-miR-12199-3p,zero,zero,zero,zero,zero,zero,1,23,1,1,2,2
mmT-miR-12201-3p,zero,zero,zero,zero,zero,zero,1,zero,zero,zero,zero,zero
mmT-miR-122-5p,zero,zero,zero,zero,zero,zero,10,54,7,3,7,zero
mmT-miR-1231-3p,zero,zero,zero,zero,zero,zero,1,9,2,zero,zero,zero
mmT-miR-125b-1-3p,zero,zero,zero,zero,zero,zero,19,63,10,10,13,6
mmT-miR-126a-3p,zero,zero,zero,zero,zero,zero,48,332,139,87,102,24
mmT-miR-126a-5p,zero,zero,zero,zero,zero,zero,1,7,4,5,3,3
mmT-miR-127-5p,zero,zero,zero,zero,zero,zero,2,16,3,zero,1,zero
mmT-miR-128-1-5p,zero,zero,zero,zero,zero,zero,4,30,5,2,4,zero
mmT-miR-129-2-3p,zero,zero,zero,zero,zero,zero,3,12,8,3,6,zero
mmT-miR-129b-3p,zero,zero,zero,zero,zero,zero,3,zero,zero,zero,zero,zero
mmT-miR-1306-3p,zero,zero,zero,zero,zero,zero,1,5,2,3,2,1
mmT-miR-1306-5p,zero,zero,zero,zero,zero,zero,21,136,49,5,4,2
mmT-miR-130b-3p,zero,zero,zero,zero,zero,zero,6,75,34,6,14,3
mmT-miR-134-3p,zero,zero,zero,zero,zero,zero,1,zero,zero,zero,zero,zero
mmT-miR-134-5p,zero,zero,zero,zero,zero,zero,3,56,15,16,14,3
mmT-miR-138-1-3p,zero,zero,zero,zero,zero,zero,1,zero,1,zero,1,zero
mmT-miR-138-5p,zero,zero,zero,zero,zero,zero,2,13,5,5,3,1
mmT-miR-141-3p,zero,zero,zero,zero,zero,zero,7,37,9,3,9,2
mmT-miR-144-3p,zero,zero,zero,zero,zero,zero,211,1471,434,1,1,2
mmT-miR-144-5p,zero,zero,zero,zero,zero,zero,61,463,189,zero,2,zero
mmT-miR-145a-5p,zero,zero,zero,zero,zero,zero,6,3,3,6,2,3
mmT-miR-146a-3p,zero,zero,zero,zero,zero,zero,1,2,1,zero,zero,zero
mmT-miR-147-5p,zero,zero,zero,zero,zero,zero,311,1813,580,344,367,106
mmT-miR-148a-5p,zero,zero,zero,zero,zero,zero,65,523,132,75,70,23
mmT-miR-148b-5p,zero,zero,zero,zero,zero,zero,170,958,334,171,219,47
mmT-miR-154-5p,zero,zero,zero,zero,zero,zero,1,4,zero,zero,zero,zero
mmT-miR-16-2-3p,zero,zero,zero,zero,zero,zero,14,49,27,4,9,1
mmT-miR-1668,zero,zero,zero,zero,zero,zero,11,66,8,3,2,zero
mmT-miR-181b-1-3p,zero,zero,zero,zero,zero,zero,1,25,3,10,4,1
mmT-miR-181c-3p,zero,zero,zero,zero,zero,zero,30,109,33,16,13,1
mmT-miR-181c-5p,zero,zero,zero,zero,zero,zero,31,163,53,13,18,6
mmT-miR-182-3p,zero,zero,zero,zero,zero,zero,1,zero,2,1,zero,2
mmT-miR-183-3p,zero,zero,zero,zero,zero,zero,1,10,1,1,zero,zero
mmT-miR-183-5p,zero,zero,zero,zero,zero,zero,614,3436,875,905,1140,290
mmT-miR-1839-3p,zero,zero,zero,zero,zero,zero,18,131,27,37,38,11
mmT-miR-1843a-3p,zero,zero,zero,zero,zero,zero,128,638,150,67,69,15
mmT-miR-1843b-5p,zero,zero,zero,zero,zero,zero,646,3302,1003,452,473,148
mmT-miR-186-3p,zero,zero,zero,zero,zero,zero,2,7,1,2,zero,zero
mmT-miR-188-5p,zero,zero,zero,zero,zero,zero,11,58,17,11,13,3
mmT-miR-18a-3p,zero,zero,zero,zero,zero,zero,29,187,56,9,21,2
mmT-miR-18a-5p,zero,zero,zero,zero,zero,zero,40,228,85,42,39,8
mmT-miR-18b-5p,zero,zero,zero,zero,zero,zero,3,27,2,2,6,3
mmT-miR-190b-5p,zero,zero,zero,zero,zero,zero,3,18,2,2,4,2
mmT-miR-191-3p,zero,zero,zero,zero,zero,zero,20,125,59,19,35,8
mmT-miR-1929-5p,zero,zero,zero,zero,zero,zero,1,14,3,2,5,zero
mmT-miR-1930-5p,zero,zero,zero,zero,zero,zero,10,43,10,4,5,4
mmT-miR-1932,zero,zero,zero,zero,zero,zero,1,15,4,1,4,zero
mmT-miR-1933-3p,zero,zero,zero,zero,zero,zero,28,124,27,13,22,13
mmT-miR-1933-5p,zero,zero,zero,zero,zero,zero,1,5,zero,zero,1,zero
mmT-miR-1934-3p,zero,zero,zero,zero,zero,zero,1,8,4,zero,4,zero
mmT-miR-1934-5p,zero,zero,zero,zero,zero,zero,14,66,17,7,6,1
mmT-miR-1936,zero,zero,zero,zero,zero,zero,1,22,3,2,2,1
mmT-miR-193a-5p,zero,zero,zero,zero,zero,zero,3,9,6,1,2,zero
mmT-miR-194-1-3p,zero,zero,zero,zero,zero,zero,1,zero,zero,zero,zero,zero
mmT-miR-1941-3p,zero,zero,zero,zero,zero,zero,3,51,9,1,6,1
mmT-miR-1941-5p,zero,zero,zero,zero,zero,zero,3,22,11,1,4,1
mmT-miR-194-2-3p,zero,zero,zero,zero,zero,zero,40,214,59,11,17,6
mmT-miR-1943-3p,zero,zero,zero,zero,zero,zero,8,36,16,3,3,zero
mmT-miR-1945,zero,zero,zero,zero,zero,zero,11,81,23,14,6,1
mmT-miR-1946b,zero,zero,zero,zero,zero,zero,1,2,zero,zero,zero,zero
mmT-miR-1947-5p,zero,zero,zero,zero,zero,zero,38,104,28,20,34,3
mmT-miR-1948-3p,zero,zero,zero,zero,zero,zero,3,15,4,2,4,zero
mmT-miR-1948-5p,zero,zero,zero,zero,zero,zero,2,7,2,1,zero,2
mmT-miR-1949,zero,zero,zero,zero,zero,zero,11,77,44,20,15,2
mmT-miR-1954,zero,zero,zero,zero,zero,zero,3,12,3,3,zero,1
mmT-miR-1955-3p,zero,zero,zero,zero,zero,zero,1,zero,zero,zero,zero,zero
mmT-miR-1956,zero,zero,zero,zero,zero,zero,2,37,9,9,7,zero
mmT-miR-195a-3p,zero,zero,zero,zero,zero,zero,5,44,8,13,8,5
mmT-miR-195a-5p,zero,zero,zero,zero,zero,zero,1,19,4,1,1,1
mmT-miR-1960,zero,zero,zero,zero,zero,zero,2,26,1,1,6,zero
mmT-miR-1968-5p,zero,zero,zero,zero,zero,zero,4,13,5,zero,1,zero
mmT-miR-1969,zero,zero,zero,zero,zero,zero,1,9,1,1,7,1
mmT-miR-196a-5p,zero,zero,zero,zero,zero,zero,2,8,1,zero,5,1
mmT-miR-1970,zero,zero,zero,zero,zero,zero,1,8,zero,zero,zero,zero
mmT-miR-1970c-5p,zero,zero,zero,zero,zero,zero,3,4,3,2,zero,1
mmT-miR-1981-3p,zero,zero,zero,zero,zero,zero,15,120,27,14,12,3
mmT-miR-1983,zero,zero,zero,zero,zero,zero,9,74,23,11,22,8
mmT-miR-1a-3p,zero,zero,zero,zero,zero,zero,33,234,78,19,26,5
mmT-miR-1b-3p,zero,zero,zero,zero,zero,zero,1,7,5,2,4,1
mmT-miR-200a-5p,zero,zero,zero,zero,zero,zero,56,330,75,49,55,7
mmT-miR-200b-3p,zero,zero,zero,zero,zero,zero,315,2386,867,308,453,120
mmT-miR-200b-5p,zero,zero,zero,zero,zero,zero,9,62,19,5,8,2
mmT-miR-203-5p,zero,zero,zero,zero,zero,zero,1,1,2,zero,1,zero
mmT-miR-208b-3p,zero,zero,zero,zero,zero,zero,3,3,2,zero,1,zero
mmT-miR-20b-5p,zero,zero,zero,zero,zero,zero,11,115,43,10,16,7
mmT-miR-210-5p,zero,zero,zero,zero,zero,zero,130,877,270,58,110,31
mmT-miR-211-5p,zero,zero,zero,zero,zero,zero,3,16,5,zero,3,zero
mmT-miR-214-3p,zero,zero,zero,zero,zero,zero,1,9,1,zero,3,zero
mmT-miR-215-5p,zero,zero,zero,zero,zero,zero,3,7,5,2,2,2
mmT-miR-218-5p,zero,zero,zero,zero,zero,zero,5,18,8,8,9,3
mmT-miR-219a-1-3p,zero,zero,zero,zero,zero,zero,17,109,34,16,12,3
mmT-miR-219a-5p,zero,zero,zero,zero,zero,zero,2,3,2,1,zero,1
mmT-miR-219c-5p,zero,zero,zero,zero,zero,zero,2,1,3,zero,zero,zero
mmT-miR-222-5p,zero,zero,zero,zero,zero,zero,15,62,16,17,36,8
mmT-miR-224-5p,zero,zero,zero,zero,zero,zero,10,17,7,1,zero,zero
mmT-miR-23a-5p,zero,zero,zero,zero,zero,zero,6,44,21,7,15,1
mmT-miR-23b-5p,zero,zero,zero,zero,zero,zero,15,36,30,21,20,8
mmT-miR-24-1-5p,zero,zero,zero,zero,zero,zero,28,112,41,24,39,11
mmT-miR-25-5p,zero,zero,zero,zero,zero,zero,6,39,11,2,7,zero
mmT-miR-27b-5p,zero,zero,zero,zero,zero,zero,29,193,46,66,43,12
mmT-miR-28a-5p,zero,zero,zero,zero,zero,zero,327,1583,563,307,409,94
mmT-miR-296-3p,zero,zero,zero,zero,zero,zero,89,522,134,140,176,38
mmT-miR-296-5p,zero,zero,zero,zero,zero,zero,91,542,209,93,101,27
mmT-miR-297a-3p,zero,zero,zero,zero,zero,zero,1,6,4,2,3,zero
mmT-miR-297a-5p,zero,zero,zero,zero,zero,zero,4,9,10,zero,3,1
mmT-miR-297b-5p,zero,zero,zero,zero,zero,zero,6,21,11,5,3,zero
mmT-miR-297c-5p,zero,zero,zero,zero,zero,zero,1,zero,2,zero,zero,zero
mmT-miR-298-5p,zero,zero,zero,zero,zero,zero,117,536,224,117,159,25
mmT-miR-299a-3p,zero,zero,zero,zero,zero,zero,8,46,10,3,5,2
mmT-miR-299b-3p,zero,zero,zero,zero,zero,zero,2,zero,zero,zero,zero,zero
mmT-miR-29a-5p,zero,zero,zero,zero,zero,zero,7,11,5,3,3,2
mmT-miR-29b-1-5p,zero,zero,zero,zero,zero,zero,6,16,13,2,4,1
mmT-miR-29c-5p,zero,zero,zero,zero,zero,zero,28,109,35,18,17,6
mmT-miR-301a-5p,zero,zero,zero,zero,zero,zero,17,77,21,13,12,3
mmT-miR-301b-3p,zero,zero,zero,zero,zero,zero,1,5,zero,zero,1,1
mmT-miR-3057-3p,zero,zero,zero,zero,zero,zero,1,2,1,zero,zero,zero
mmT-miR-3057-5p,zero,zero,zero,zero,zero,zero,56,145,66,46,55,14
mmT-miR-3058-3p,zero,zero,zero,zero,zero,zero,1,3,zero,zero,zero,zero
mmT-miR-3058-5p,zero,zero,zero,zero,zero,zero,1,3,5,zero,zero,zero
mmT-miR-3060-3p,zero,zero,zero,zero,zero,zero,1,2,3,zero,1,zero
mmT-miR-3061-3p,zero,zero,zero,zero,zero,zero,1,7,zero,2,zero,zero
mmT-miR-3061-5p,zero,zero,zero,zero,zero,zero,3,21,4,3,7,2
mmT-miR-3062-5p,zero,zero,zero,zero,zero,zero,1,1,zero,zero,zero,zero
mmT-miR-3064-5p,zero,zero,zero,zero,zero,zero,7,31,9,12,11,4
mmT-miR-3066-5p,zero,zero,zero,zero,zero,zero,3,17,10,5,4,zero
mmT-miR-3069-3p,zero,zero,zero,zero,zero,zero,1,15,4,6,1,3
mmT-miR-3074-5p,zero,zero,zero,zero,zero,zero,12,164,29,19,24,8
mmT-miR-3079-5p,zero,zero,zero,zero,zero,zero,8,19,1,3,11,2
mmT-miR-3081-3p,zero,zero,zero,zero,zero,zero,2,9,2,1,2,1
mmT-miR-3082-3p,zero,zero,zero,zero,zero,zero,3,10,2,3,zero,zero
mmT-miR-3084-3p,zero,zero,zero,zero,zero,zero,1,12,2,1,2,2
mmT-miR-3084-5p,zero,zero,zero,zero,zero,zero,3,53,17,18,15,6
mmT-miR-3095-3p,zero,zero,zero,zero,zero,zero,66,343,106,40,59,19
mmT-miR-3095-5p,zero,zero,zero,zero,zero,zero,1,3,zero,3,1,zero
mmT-miR-3098-3p,zero,zero,zero,zero,zero,zero,1,2,1,zero,zero,zero
mmT-miR-3098-5p,zero,zero,zero,zero,zero,zero,2,3,zero,zero,1,zero
mmT-miR-30b-3p,zero,zero,zero,zero,zero,zero,247,1334,363,232,323,79
mmT-miR-30c-1-3p,zero,zero,zero,zero,zero,zero,49,263,91,38,56,16
mmT-miR-30d-3p,zero,zero,zero,zero,zero,zero,96,597,211,129,131,39
mmT-miR-3102-3p,zero,zero,zero,zero,zero,zero,1,zero,zero,zero,zero,zero
mmT-miR-3109-3p,zero,zero,zero,zero,zero,zero,8,66,13,7,10,zero
mmT-miR-3109-5p,zero,zero,zero,zero,zero,zero,3,3,zero,zero,zero,zero
mmT-miR-31-3p,zero,zero,zero,zero,zero,zero,1,4,zero,4,1,4
mmT-miR-31-5p,zero,zero,zero,zero,zero,zero,19,86,31,15,30,11
mmT-miR-322-3p,zero,zero,zero,zero,zero,zero,127,919,288,189,233,58
mmT-miR-322-5p,zero,zero,zero,zero,zero,zero,84,430,139,104,77,26
mmT-miR-323-3p,zero,zero,zero,zero,zero,zero,4,13,2,1,2,zero
mmT-miR-32-3p,zero,zero,zero,zero,zero,zero,2,25,2,7,6,2
mmT-miR-324-5p,zero,zero,zero,zero,zero,zero,61,283,78,30,22,15
mmT-miR-32-5p,zero,zero,zero,zero,zero,zero,52,372,119,184,112,37
mmT-miR-329-3p,zero,zero,zero,zero,zero,zero,3,24,6,2,5,4
mmT-miR-329-5p,zero,zero,zero,zero,zero,zero,3,2,4,zero,2,zero
mmT-miR-330-5p,zero,zero,zero,zero,zero,zero,61,279,81,54,49,27
mmT-miR-331-5p,zero,zero,zero,zero,zero,zero,12,42,18,11,10,1
mmT-miR-33-3p,zero,zero,zero,zero,zero,zero,1,6,3,2,2,1
mmT-miR-335-3p,zero,zero,zero,zero,zero,zero,3,20,4,6,4,zero
mmT-miR-33-5p,zero,zero,zero,zero,zero,zero,7,29,11,3,2,1
mmT-miR-337-5p,zero,zero,zero,zero,zero,zero,6,27,9,4,8,zero
mmT-miR-338-3p,zero,zero,zero,zero,zero,zero,14,69,20,25,20,5
mmT-miR-338-5p,zero,zero,zero,zero,zero,zero,138,583,216,181,251,51
mmT-miR-340-3p,zero,zero,zero,zero,zero,zero,193,1157,371,322,317,123
mmT-miR-341-3p,zero,zero,zero,zero,zero,zero,7,29,14,zero,4,4
mmT-miR-342-5p,zero,zero,zero,zero,zero,zero,50,235,72,83,100,26
mmT-miR-344-3p,zero,zero,zero,zero,zero,zero,2,5,3,2,3,1
mmT-miR-344d-3p,zero,zero,zero,zero,zero,zero,1,5,1,zero,zero,zero
mmT-miR-344f-3p,zero,zero,zero,zero,zero,zero,1,zero,zero,zero,zero,zero
mmT-miR-345-3p,zero,zero,zero,zero,zero,zero,6,18,10,zero,5,zero
mmT-miR-345-5p,zero,zero,zero,zero,zero,zero,1,16,1,2,1,zero
mmT-miR-3470a,zero,zero,zero,zero,zero,zero,10,80,16,17,17,3
mmT-miR-3470b,zero,zero,zero,zero,zero,zero,20,100,35,14,29,zero
mmT-miR-3473a,zero,zero,zero,zero,zero,zero,12,119,32,49,41,13
mmT-miR-3473b,zero,zero,zero,zero,zero,zero,56,331,119,44,47,10
mmT-miR-3473d,zero,zero,zero,zero,zero,zero,7,29,14,8,5,zero
mmT-miR-3473e,zero,zero,zero,zero,zero,zero,57,195,76,23,35,7
mmT-miR-3473h-5p,zero,zero,zero,zero,zero,zero,30,140,35,23,22,1
mmT-miR-3474,zero,zero,zero,zero,zero,zero,8,37,16,5,11,3
mmT-miR-34b-3p,zero,zero,zero,zero,zero,zero,17,78,21,19,26,6
mmT-miR-34b-5p,zero,zero,zero,zero,zero,zero,1,6,1,2,zero,zero
mmT-miR-34c-3p,zero,zero,zero,zero,zero,zero,7,49,11,11,28,7
mmT-miR-351-3p,zero,zero,zero,zero,zero,zero,1,3,zero,zero,zero,zero
mmT-miR-3547-3p,zero,zero,zero,zero,zero,zero,1,3,1,zero,zero,zero
mmT-miR-363-5p,zero,zero,zero,zero,zero,zero,30,106,30,16,27,zero
mmT-miR-365-3p,zero,zero,zero,zero,zero,zero,82,402,137,24,41,12
mmT-miR-369-5p,zero,zero,zero,zero,zero,zero,1,zero,zero,zero,zero,zero
mmT-miR-370-3p,zero,zero,zero,zero,zero,zero,22,25,10,5,10,6
mmT-miR-374b-5p,zero,zero,zero,zero,zero,zero,587,4074,1287,698,924,238
mmT-miR-376c-5p,zero,zero,zero,zero,zero,zero,1,zero,zero,zero,zero,zero
mmT-miR-378d,zero,zero,zero,zero,zero,zero,10,35,6,5,6,1
mmT-miR-379-3p,zero,zero,zero,zero,zero,zero,1,1,2,zero,2,1
mmT-miR-379-5p,zero,zero,zero,zero,zero,zero,49,306,59,38,87,15
mmT-miR-381-3p,zero,zero,zero,zero,zero,zero,64,279,93,40,68,19
mmT-miR-3963,zero,zero,zero,zero,zero,zero,17,75,28,6,6,3
mmT-miR-409-3p,zero,zero,zero,zero,zero,zero,21,85,17,13,15,3
mmT-miR-409-5p,zero,zero,zero,zero,zero,zero,8,39,4,2,6,zero
mmT-miR-411-5p,zero,zero,zero,zero,zero,zero,10,31,15,6,10,1
mmT-miR-425-3p,zero,zero,zero,zero,zero,zero,17,117,30,18,20,2
mmT-miR-429-3p,zero,zero,zero,zero,zero,zero,64,248,93,37,41,12
mmT-miR-431-5p,zero,zero,zero,zero,zero,zero,1,4,1,zero,zero,zero
mmT-miR-433-3p,zero,zero,zero,zero,zero,zero,11,29,9,9,6,2
mmT-miR-434-3p,zero,zero,zero,zero,zero,zero,4,21,4,5,1,1
mmT-miR-449a-5p,zero,zero,zero,zero,zero,zero,3,8,10,5,5,1
mmT-miR-450a-5p,zero,zero,zero,zero,zero,zero,228,1101,355,255,208,74
mmT-miR-450b-3p,zero,zero,zero,zero,zero,zero,6,30,11,13,11,1
mmT-miR-450b-5p,zero,zero,zero,zero,zero,zero,62,301,83,50,63,10
mmT-miR-455-3p,zero,zero,zero,zero,zero,zero,29,153,63,8,12,2
mmT-miR-466a-3p,zero,zero,zero,zero,zero,zero,11,80,22,29,32,7
mmT-miR-466b-3p,zero,zero,zero,zero,zero,zero,5,15,8,7,12,2
mmT-miR-466b-5p,zero,zero,zero,zero,zero,zero,3,24,8,4,5,zero
mmT-miR-466c-3p,zero,zero,zero,zero,zero,zero,2,23,5,7,3,4
mmT-miR-466c-5p,zero,zero,zero,zero,zero,zero,37,168,62,50,47,13
mmT-miR-466d-3p,zero,zero,zero,zero,zero,zero,6,27,13,9,9,4
mmT-miR-466e-3p,zero,zero,zero,zero,zero,zero,22,134,41,41,37,17
mmT-miR-466f-3p,zero,zero,zero,zero,zero,zero,4,8,5,1,1,zero
mmT-miR-466f-5p,zero,zero,zero,zero,zero,zero,1,16,1,1,zero,zero
mmT-miR-466g,zero,zero,zero,zero,zero,zero,9,23,8,4,5,2
mmT-miR-466i-3p,zero,zero,zero,zero,zero,zero,26,144,30,22,15,6
mmT-miR-466k,zero,zero,zero,zero,zero,zero,4,32,5,6,7,2
mmT-miR-466m-3p,zero,zero,zero,zero,zero,zero,1,6,1,4,3,1
mmT-miR-466m-5p,zero,zero,zero,zero,zero,zero,1,7,zero,2,2,zero
mmT-miR-466n-3p,zero,zero,zero,zero,zero,zero,1,7,6,zero,1,zero
mmT-miR-466o-5p,zero,zero,zero,zero,zero,zero,2,27,3,6,7,2
mmT-miR-466p-3p,zero,zero,zero,zero,zero,zero,2,25,4,8,3,zero
mmT-miR-467a-3p,zero,zero,zero,zero,zero,zero,14,83,27,29,36,11
mmT-miR-467a-5p,zero,zero,zero,zero,zero,zero,427,2912,845,540,513,176
mmT-miR-467b-5p,zero,zero,zero,zero,zero,zero,44,281,70,15,38,14
mmT-miR-467c-3p,zero,zero,zero,zero,zero,zero,1,8,4,7,8,2
mmT-miR-467d-3p,zero,zero,zero,zero,zero,zero,68,342,72,121,104,22
mmT-miR-467d-5p,zero,zero,zero,zero,zero,zero,4,47,13,16,18,2
mmT-miR-467e-3p,zero,zero,zero,zero,zero,zero,1,10,3,13,2,1
mmT-miR-467e-5p,zero,zero,zero,zero,zero,zero,69,323,118,114,113,29
mmT-miR-467h,zero,zero,zero,zero,zero,zero,1,3,zero,zero,zero,zero
mmT-miR-470-5p,zero,zero,zero,zero,zero,zero,3,1,1,zero,zero,zero
mmT-miR-485-3p,zero,zero,zero,zero,zero,zero,3,zero,zero,zero,zero,zero
mmT-miR-486a-3p,zero,zero,zero,zero,zero,zero,60,333,109,4,1,2
mmT-miR-486b-3p,zero,zero,zero,zero,zero,zero,3,21,13,1,zero,zero
mmT-miR-495-3p,zero,zero,zero,zero,zero,zero,1,18,6,4,3,zero
mmT-miR-496a-3p,zero,zero,zero,zero,zero,zero,1,zero,zero,zero,zero,zero
mmT-miR-497a-5p,zero,zero,zero,zero,zero,zero,2,6,5,6,4,zero
mmT-miR-497b,zero,zero,zero,zero,zero,zero,3,1,3,zero,zero,zero
mmT-miR-499-5p,zero,zero,zero,zero,zero,zero,5,9,4,6,2,1
mmT-miR-501-5p,zero,zero,zero,zero,zero,zero,17,28,13,3,6,5
mmT-miR-503-3p,zero,zero,zero,zero,zero,zero,11,20,4,2,9,zero
mmT-miR-504-5p,zero,zero,zero,zero,zero,zero,6,26,10,3,2,zero
mmT-miR-505-5p,zero,zero,zero,zero,zero,zero,6,40,13,13,15,3
mmT-miR-5100,zero,zero,zero,zero,zero,zero,25,132,37,zero,1,zero
mmT-miR-5104,zero,zero,zero,zero,zero,zero,2,17,1,2,3,zero
mmT-miR-5107-3p,zero,zero,zero,zero,zero,zero,17,61,38,8,6,1
mmT-miR-5107-5p,zero,zero,zero,zero,zero,zero,2,11,6,5,5,zero
mmT-miR-511-3p,zero,zero,zero,zero,zero,zero,31,248,111,44,56,13
mmT-miR-511-5p,zero,zero,zero,zero,zero,zero,3,11,1,1,1,zero
mmT-miR-5116,zero,zero,zero,zero,zero,zero,4,9,6,zero,4,zero
mmT-miR-5121,zero,zero,zero,zero,zero,zero,66,325,123,20,39,3
mmT-miR-5122,zero,zero,zero,zero,zero,zero,1,zero,zero,zero,1,zero
mmT-miR-5126,zero,zero,zero,zero,zero,zero,3,30,4,2,4,1
mmT-miR-5129-5p,zero,zero,zero,zero,zero,zero,7,20,12,6,11,2
mmT-miR-5132-5p,zero,zero,zero,zero,zero,zero,2,zero,3,zero,zero,1
mmT-miR-532-3p,zero,zero,zero,zero,zero,zero,225,1340,380,122,123,31
mmT-miR-542-3p,zero,zero,zero,zero,zero,zero,75,519,125,96,96,31
mmT-miR-542-5p,zero,zero,zero,zero,zero,zero,2,5,7,2,3,zero
mmT-miR-543-3p,zero,zero,zero,zero,zero,zero,4,5,3,2,1,1
mmT-miR-5615-5p,zero,zero,zero,zero,zero,zero,4,6,2,4,3,zero
mmT-miR-5616-3p,zero,zero,zero,zero,zero,zero,1,zero,zero,zero,zero,zero
mmT-miR-5620-3p,zero,zero,zero,zero,zero,zero,1,zero,zero,zero,zero,zero
mmT-miR-5620-5p,zero,zero,zero,zero,zero,zero,11,63,5,5,6,1
mmT-miR-5621-3p,zero,zero,zero,zero,zero,zero,2,2,zero,zero,zero,zero
mmT-miR-5627-5p,zero,zero,zero,zero,zero,zero,2,4,zero,2,2,zero
mmT-miR-574-3p,zero,zero,zero,zero,zero,zero,638,3482,1014,518,562,142
mmT-miR-582-3p,zero,zero,zero,zero,zero,zero,2,50,17,11,12,2
mmT-miR-598-3p,zero,zero,zero,zero,zero,zero,8,56,23,14,3,4
mmT-miR-615-3p,zero,zero,zero,zero,zero,zero,8,25,14,1,zero,zero
mmT-miR-6418-3p,zero,zero,zero,zero,zero,zero,3,13,8,5,1,zero
mmT-miR-6516-5p,zero,zero,zero,zero,zero,zero,8,61,24,18,17,6
mmT-miR-652-5p,zero,zero,zero,zero,zero,zero,18,121,31,11,17,3
mmT-miR-6537-3p,zero,zero,zero,zero,zero,zero,16,87,13,11,14,2
mmT-miR-6538,zero,zero,zero,zero,zero,zero,42,257,57,57,61,12
mmT-miR-6539,zero,zero,zero,zero,zero,zero,2,11,3,zero,1,zero
mmT-miR-6546-5p,zero,zero,zero,zero,zero,zero,3,zero,1,zero,1,zero
mmT-miR-669a-3-3p,zero,zero,zero,zero,zero,zero,1,5,5,10,zero,1
mmT-miR-669a-3p,zero,zero,zero,zero,zero,zero,67,340,89,117,106,25
mmT-miR-669a-5p,zero,zero,zero,zero,zero,zero,123,632,188,142,188,42
mmT-miR-669b-3p,zero,zero,zero,zero,zero,zero,1,6,1,4,6,4
mmT-miR-669b-5p,zero,zero,zero,zero,zero,zero,4,16,6,3,3,1
mmT-miR-669d-5p,zero,zero,zero,zero,zero,zero,9,40,15,2,4,3
mmT-miR-669e-3p,zero,zero,zero,zero,zero,zero,1,zero,zero,zero,zero,zero
mmT-miR-669e-5p,zero,zero,zero,zero,zero,zero,2,5,zero,3,5,zero
mmT-miR-669f-3p,zero,zero,zero,zero,zero,zero,4,33,11,14,13,2
mmT-miR-669f-5p,zero,zero,zero,zero,zero,zero,7,16,11,9,11,3
mmT-miR-669l-5p,zero,zero,zero,zero,zero,zero,18,91,28,21,26,7
mmT-miR-669o-3p,zero,zero,zero,zero,zero,zero,66,348,82,126,119,32
mmT-miR-669o-5p,zero,zero,zero,zero,zero,zero,15,111,41,44,50,18
mmT-miR-671-3p,zero,zero,zero,zero,zero,zero,131,642,161,65,77,25
mmT-miR-671-5p,zero,zero,zero,zero,zero,zero,4,29,10,3,1,1
mmT-miR-673-5p,zero,zero,zero,zero,zero,zero,2,1,1,zero,1,zero
mmT-miR-676-3p,zero,zero,zero,zero,zero,zero,5,11,8,2,1,zero
mmT-miR-676-5p,zero,zero,zero,zero,zero,zero,5,40,1,1,zero,zero
mmT-miR-677-5p,zero,zero,zero,zero,zero,zero,5,11,6,4,zero,zero
mmT-miR-6899-3p,zero,zero,zero,zero,zero,zero,10,48,8,11,9,3
mmT-miR-690,zero,zero,zero,zero,zero,zero,37,220,76,37,66,11
mmT-miR-6903-3p,zero,zero,zero,zero,zero,zero,1,zero,zero,zero,zero,zero
mmT-miR-6905-5p,zero,zero,zero,zero,zero,zero,1,1,1,zero,zero,zero
mmT-miR-6909-5p,zero,zero,zero,zero,zero,zero,1,3,zero,zero,1,zero
mmT-miR-6911-3p,zero,zero,zero,zero,zero,zero,5,24,2,3,2,2
mmT-miR-6911-5p,zero,zero,zero,zero,zero,zero,2,4,zero,zero,zero,zero
mmT-miR-6913-3p,zero,zero,zero,zero,zero,zero,1,1,1,zero,3,zero
mmT-miR-6916-3p,zero,zero,zero,zero,zero,zero,1,6,1,zero,1,zero
mmT-miR-6927-3p,zero,zero,zero,zero,zero,zero,1,zero,zero,zero,zero,zero
mmT-miR-6932-3p,zero,zero,zero,zero,zero,zero,3,zero,zero,zero,zero,zero
mmT-miR-6933-5p,zero,zero,zero,zero,zero,zero,42,209,60,37,43,10
mmT-miR-6936-3p,zero,zero,zero,zero,zero,zero,1,zero,zero,zero,zero,zero
mmT-miR-6937-5p,zero,zero,zero,zero,zero,zero,1,zero,1,1,1,zero
mmT-miR-6943-3p,zero,zero,zero,zero,zero,zero,2,1,2,zero,zero,zero
mmT-miR-6944-3p,zero,zero,zero,zero,zero,zero,1,zero,zero,zero,zero,zero
mmT-miR-6945-3p,zero,zero,zero,zero,zero,zero,2,20,3,1,3,zero
mmT-miR-6948-3p,zero,zero,zero,zero,zero,zero,1,3,zero,1,1,zero
mmT-miR-6948-5p,zero,zero,zero,zero,zero,zero,3,13,5,1,zero,zero
mmT-miR-6952-3p,zero,zero,zero,zero,zero,zero,4,12,4,5,1,zero
mmT-miR-6952-5p,zero,zero,zero,zero,zero,zero,1,zero,zero,zero,zero,zero
mmT-miR-6953-5p,zero,zero,zero,zero,zero,zero,1,zero,zero,zero,zero,zero
mmT-miR-6954-3p,zero,zero,zero,zero,zero,zero,3,zero,5,zero,zero,zero
mmT-miR-6955-5p,zero,zero,zero,zero,zero,zero,12,57,14,zero,10,1
mmT-miR-6956-3p,zero,zero,zero,zero,zero,zero,1,5,1,2,zero,zero
mmT-miR-6956-5p,zero,zero,zero,zero,zero,zero,1,7,zero,zero,2,zero
mmT-miR-6959-5p,zero,zero,zero,zero,zero,zero,2,1,1,1,zero,zero
mmT-miR-6960-5p,zero,zero,zero,zero,zero,zero,1,3,2,zero,zero,zero
mmT-miR-6963-3p,zero,zero,zero,zero,zero,zero,1,6,1,zero,zero,zero
mmT-miR-6963-5p,zero,zero,zero,zero,zero,zero,1,2,zero,zero,2,zero
mmT-miR-6966-3p,zero,zero,zero,zero,zero,zero,1,3,zero,2,zero,zero
mmT-miR-6967-5p,zero,zero,zero,zero,zero,zero,3,6,zero,zero,zero,zero
mmT-miR-6970-3p,zero,zero,zero,zero,zero,zero,1,9,2,zero,zero,zero
mmT-miR-6972-3p,zero,zero,zero,zero,zero,zero,10,47,10,zero,5,1
mmT-miR-6978-3p,zero,zero,zero,zero,zero,zero,3,19,4,3,1,zero
mmT-miR-6979-3p,zero,zero,zero,zero,zero,zero,3,7,1,zero,1,zero
mmT-miR-6986-5p,zero,zero,zero,zero,zero,zero,3,zero,zero,zero,zero,zero
mmT-miR-6988-3p,zero,zero,zero,zero,zero,zero,2,27,8,zero,2,zero
mmT-miR-6989-3p,zero,zero,zero,zero,zero,zero,2,zero,1,zero,zero,2
mmT-miR-6994-3p,zero,zero,zero,zero,zero,zero,2,7,zero,2,zero,zero
mmT-miR-6997-5p,zero,zero,zero,zero,zero,zero,1,2,1,zero,3,zero
mmT-miR-7001-3p,zero,zero,zero,zero,zero,zero,1,zero,zero,zero,zero,zero
mmT-miR-700-3p,zero,zero,zero,zero,zero,zero,46,279,78,29,25,13
mmT-miR-700-5p,zero,zero,zero,zero,zero,zero,18,93,18,17,17,3
mmT-miR-7007-3p,zero,zero,zero,zero,zero,zero,1,zero,zero,zero,zero,zero
mmT-miR-7009-5p,zero,zero,zero,zero,zero,zero,1,6,1,zero,5,zero
mmT-miR-7012-3p,zero,zero,zero,zero,zero,zero,1,6,zero,zero,zero,zero
mmT-miR-7012-5p,zero,zero,zero,zero,zero,zero,7,19,3,4,1,zero
mmT-miR-7013-3p,zero,zero,zero,zero,zero,zero,2,18,3,1,zero,zero
mmT-miR-7014-5p,zero,zero,zero,zero,zero,zero,2,zero,1,zero,1,zero
mmT-miR-7015-3p,zero,zero,zero,zero,zero,zero,19,101,31,10,8,2
mmT-miR-7019-3p,zero,zero,zero,zero,zero,zero,4,8,2,zero,zero,zero
mmT-miR-7020-5p,zero,zero,zero,zero,zero,zero,1,zero,zero,zero,zero,zero
mmT-miR-7021-3p,zero,zero,zero,zero,zero,zero,4,zero,zero,1,zero,zero
mmT-miR-7021-5p,zero,zero,zero,zero,zero,zero,1,7,2,1,zero,zero
mmT-miR-702-3p,zero,zero,zero,zero,zero,zero,11,23,14,2,4,zero
mmT-miR-702-5p,zero,zero,zero,zero,zero,zero,1,2,zero,1,zero,zero
mmT-miR-7029-3p,zero,zero,zero,zero,zero,zero,2,2,zero,zero,zero,zero
mmT-miR-7030-3p,zero,zero,zero,zero,zero,zero,1,4,1,zero,zero,zero
mmT-miR-7032-3p,zero,zero,zero,zero,zero,zero,1,zero,1,zero,zero,zero
mmT-miR-7033-5p,zero,zero,zero,zero,zero,zero,44,172,78,22,26,1
mmT-miR-7035-3p,zero,zero,zero,zero,zero,zero,2,3,2,zero,2,zero
mmT-miR-7036b-5p,zero,zero,zero,zero,zero,zero,2,10,7,1,3,zero
mmT-miR-704,zero,zero,zero,zero,zero,zero,8,50,6,5,5,zero
mmT-miR-7043-5p,zero,zero,zero,zero,zero,zero,10,21,9,2,6,zero
mmT-miR-7047-3p,zero,zero,zero,zero,zero,zero,2,20,7,zero,1,1
mmT-miR-7049-5p,zero,zero,zero,zero,zero,zero,1,zero,zero,zero,zero,zero
mmT-miR-7059-5p,zero,zero,zero,zero,zero,zero,6,35,15,6,11,3
mmT-miR-7062-5p,zero,zero,zero,zero,zero,zero,5,10,13,10,11,1
mmT-miR-7068-3p,zero,zero,zero,zero,zero,zero,1,6,3,1,1,zero
mmT-miR-7071-5p,zero,zero,zero,zero,zero,zero,1,zero,zero,zero,zero,zero
mmT-miR-7083-5p,zero,zero,zero,zero,zero,zero,3,14,1,2,zero,zero
mmT-miR-708-5p,zero,zero,zero,zero,zero,zero,13,57,14,16,19,6
mmT-miR-7086-3p,zero,zero,zero,zero,zero,zero,2,9,2,2,zero,zero
mmT-miR-7087-5p,zero,zero,zero,zero,zero,zero,1,3,2,zero,1,zero
mmT-miR-7089-3p,zero,zero,zero,zero,zero,zero,1,zero,1,zero,zero,zero
mmT-miR-709,zero,zero,zero,zero,zero,zero,5,12,4,3,4,zero
mmT-miR-7091-5p,zero,zero,zero,zero,zero,zero,7,46,18,6,7,2
mmT-miR-7115-5p,zero,zero,zero,zero,zero,zero,14,79,30,14,13,3
mmT-miR-7116-3p,zero,zero,zero,zero,zero,zero,2,2,zero,zero,zero,zero
mmT-miR-7118-3p,zero,zero,zero,zero,zero,zero,5,19,5,zero,zero,zero
mmT-miR-712-5p,zero,zero,zero,zero,zero,zero,2,5,3,1,1,1
mmT-miR-7219-3p,zero,zero,zero,zero,zero,zero,43,274,87,62,60,9
mmT-miR-7235-3p,zero,zero,zero,zero,zero,zero,2,4,2,zero,2,zero
mmT-miR-744-3p,zero,zero,zero,zero,zero,zero,1,21,5,6,7,1
mmT-miR-7646-5p,zero,zero,zero,zero,zero,zero,2,11,5,1,1,1
mmT-miR-7647-5p,zero,zero,zero,zero,zero,zero,1,1,zero,1,1,zero
mmT-miR-7649-3p,zero,zero,zero,zero,zero,zero,19,131,47,21,23,5
mmT-miR-7651-5p,zero,zero,zero,zero,zero,zero,1,5,zero,zero,zero,zero
mmT-miR-7652-3p,zero,zero,zero,zero,zero,zero,3,zero,3,3,1,zero
mmT-miR-7655-3p,zero,zero,zero,zero,zero,zero,1,5,zero,1,2,zero
mmT-miR-7656-3p,zero,zero,zero,zero,zero,zero,2,1,zero,zero,zero,zero
mmT-miR-7656-5p,zero,zero,zero,zero,zero,zero,2,5,1,zero,3,zero
mmT-miR-7657-5p,zero,zero,zero,zero,zero,zero,1,3,zero,1,zero,zero
mmT-miR-7661-3p,zero,zero,zero,zero,zero,zero,5,21,7,5,1,zero
mmT-miR-7667-3p,zero,zero,zero,zero,zero,zero,1,6,5,7,2,zero
mmT-miR-7670-3p,zero,zero,zero,zero,zero,zero,4,33,9,7,5,zero
mmT-miR-7673-5p,zero,zero,zero,zero,zero,zero,5,15,6,4,zero,zero
mmT-miR-7674-3p,zero,zero,zero,zero,zero,zero,2,zero,zero,zero,zero,zero
mmT-miR-7676-3p,zero,zero,zero,zero,zero,zero,92,497,136,58,65,17
mmT-miR-7678-3p,zero,zero,zero,zero,zero,zero,2,20,10,7,5,1
mmT-miR-7679-3p,zero,zero,zero,zero,zero,zero,1,5,2,zero,zero,zero
mmT-miR-7683-5p,zero,zero,zero,zero,zero,zero,4,16,2,8,4,1
mmT-miR-7688-5p,zero,zero,zero,zero,zero,zero,10,41,16,14,13,4
mmT-miR-7a-1-3p,zero,zero,zero,zero,zero,zero,16,181,40,27,30,1
mmT-miR-7b-5p,zero,zero,zero,zero,zero,zero,23,188,51,58,66,21
mmT-miR-8097,zero,zero,zero,zero,zero,zero,5,14,3,zero,1,1
mmT-miR-8103,zero,zero,zero,zero,zero,zero,4,57,18,4,1,zero
mmT-miR-8106,zero,zero,zero,zero,zero,zero,1,4,zero,zero,zero,zero
mmT-miR-8107,zero,zero,zero,zero,zero,zero,1,5,zero,zero,zero,1
mmT-miR-8112,zero,zero,zero,zero,zero,zero,4,12,3,zero,1,zero
mmT-miR-8114,zero,zero,zero,zero,zero,zero,74,427,127,28,35,6
mmT-miR-8120,zero,zero,zero,zero,zero,zero,7,58,13,8,10,3
mmT-miR-872-5p,zero,zero,zero,zero,zero,zero,251,1353,481,441,363,108
mmT-miR-874-3p,zero,zero,zero,zero,zero,zero,2,3,zero,3,1,zero
mmT-miR-877-3p,zero,zero,zero,zero,zero,zero,41,163,47,18,6,7
mmT-miR-92a-1-5p,zero,zero,zero,zero,zero,zero,2,25,8,6,4,3
mmT-miR-92b-3p,zero,zero,zero,zero,zero,zero,19,146,36,10,4,4
mmT-miR-92b-5p,zero,zero,zero,zero,zero,zero,1,4,2,1,2,zero
mmT-miR-93-3p,zero,zero,zero,zero,zero,zero,6,40,5,zero,4,zero
mmT-miR-935,zero,zero,zero,zero,zero,zero,4,8,3,2,zero,zero
mmT-miR-9-3p,zero,zero,zero,zero,zero,zero,4,8,1,2,2,zero
mmT-miR-9-5p,zero,zero,zero,zero,zero,zero,99,590,174,157,202,59
mmT-miR-96-5p,zero,zero,zero,zero,zero,zero,27,114,67,73,75,19
mmT-miR-9769-3p,zero,zero,zero,zero,zero,zero,5,15,3,4,6,1
mmT-miR-98-3p,zero,zero,zero,zero,zero,zero,1,23,11,14,8,5
mmT-let-7g-3p,zero,zero,zero,zero,zero,zero,zero,6,3,5,3,zero
mmT-miR-10b-3p,zero,zero,zero,zero,zero,zero,zero,3,zero,zero,zero,zero
mmT-miR-1193-3p,zero,zero,zero,zero,zero,zero,zero,2,zero,zero,zero,zero
mmT-miR-1199-5p,zero,zero,zero,zero,zero,zero,zero,3,zero,zero,2,zero
mmT-miR-12184-3p,zero,zero,zero,zero,zero,zero,zero,1,zero,zero,1,zero
mmT-miR-12184-5p,zero,zero,zero,zero,zero,zero,zero,1,zero,zero,zero,zero
mmT-miR-12185-3p,zero,zero,zero,zero,zero,zero,zero,1,zero,zero,zero,zero
mmT-miR-12187-3p,zero,zero,zero,zero,zero,zero,zero,3,1,zero,zero,zero
mmT-miR-12197-3p,zero,zero,zero,zero,zero,zero,zero,4,zero,zero,zero,zero
mmT-miR-12205-3p,zero,zero,zero,zero,zero,zero,zero,2,2,zero,zero,zero
mmT-miR-124b-3p,zero,zero,zero,zero,zero,zero,zero,1,zero,zero,zero,zero
mmT-miR-1258-3p,zero,zero,zero,zero,zero,zero,zero,2,zero,zero,1,zero
mmT-miR-126b-3p,zero,zero,zero,zero,zero,zero,zero,1,4,zero,zero,zero
mmT-miR-1271-3p,zero,zero,zero,zero,zero,zero,zero,1,zero,zero,zero,zero
mmT-miR-1271-5p,zero,zero,zero,zero,zero,zero,zero,7,zero,zero,1,zero
mmT-miR-130a-3p,zero,zero,zero,zero,zero,zero,zero,4,2,zero,zero,zero
mmT-miR-135a-5p,zero,zero,zero,zero,zero,zero,zero,11,7,2,6,1
mmT-miR-136-3p,zero,zero,zero,zero,zero,zero,zero,5,zero,3,zero,1
mmT-miR-138-2-3p,zero,zero,zero,zero,zero,zero,zero,1,zero,zero,zero,zero
mmT-miR-143-5p,zero,zero,zero,zero,zero,zero,zero,1,zero,zero,zero,zero
mmT-miR-145a-3p,zero,zero,zero,zero,zero,zero,zero,2,2,2,2,1
mmT-miR-149-3p,zero,zero,zero,zero,zero,zero,zero,3,zero,zero,zero,zero
mmT-miR-1843b-3p,zero,zero,zero,zero,zero,zero,zero,1,zero,zero,zero,zero
mmT-miR-18b-3p,zero,zero,zero,zero,zero,zero,zero,8,4,1,zero,zero
mmT-miR-190a-5p,zero,zero,zero,zero,zero,zero,zero,12,3,zero,1,1
mmT-miR-190b-3p,zero,zero,zero,zero,zero,zero,zero,1,zero,3,zero,zero
mmT-miR-192-3p,zero,zero,zero,zero,zero,zero,zero,3,1,zero,zero,zero
mmT-miR-1927,zero,zero,zero,zero,zero,zero,zero,1,2,zero,zero,zero
mmT-miR-1930-3p,zero,zero,zero,zero,zero,zero,zero,3,zero,zero,zero,zero
mmT-miR-1931,zero,zero,zero,zero,zero,zero,zero,4,1,zero,zero,zero
mmT-miR-1938,zero,zero,zero,zero,zero,zero,zero,7,2,4,1,2
mmT-miR-193a-3p,zero,zero,zero,zero,zero,zero,zero,9,5,1,2,1
mmT-miR-193b-3p,zero,zero,zero,zero,zero,zero,zero,11,1,zero,zero,zero
mmT-miR-1946a,zero,zero,zero,zero,zero,zero,zero,1,zero,zero,zero,zero
mmT-miR-1947-3p,zero,zero,zero,zero,zero,zero,zero,1,zero,zero,zero,zero
mmT-miR-1950,zero,zero,zero,zero,zero,zero,zero,13,4,1,5,zero
mmT-miR-1953,zero,zero,zero,zero,zero,zero,zero,4,4,4,3,zero
mmT-miR-1958,zero,zero,zero,zero,zero,zero,zero,13,3,3,11,4
mmT-miR-1966-3p,zero,zero,zero,zero,zero,zero,zero,12,3,1,zero,zero
mmT-miR-196b-5p,zero,zero,zero,zero,zero,zero,zero,12,1,zero,5,1
mmT-miR-1982-3p,zero,zero,zero,zero,zero,zero,zero,17,6,zero,zero,zero
mmT-miR-205-5p,zero,zero,zero,zero,zero,zero,zero,3,zero,zero,zero,zero
mmT-miR-206-3p,zero,zero,zero,zero,zero,zero,zero,2,1,zero,zero,1
mmT-miR-20a-3p,zero,zero,zero,zero,zero,zero,zero,1,zero,zero,zero,zero
mmT-miR-2137,zero,zero,zero,zero,zero,zero,zero,16,1,1,2,zero
mmT-miR-214-5p,zero,zero,zero,zero,zero,zero,zero,1,2,zero,2,zero
mmT-miR-217-5p,zero,zero,zero,zero,zero,zero,zero,2,zero,zero,zero,zero
mmT-miR-26a-1-3p,zero,zero,zero,zero,zero,zero,zero,5,zero,1,zero,zero
mmT-miR-297b-3p,zero,zero,zero,zero,zero,zero,zero,8,6,3,1,zero
mmT-miR-297c-3p,zero,zero,zero,zero,zero,zero,zero,9,5,4,4,zero
mmT-miR-299a-5p,zero,zero,zero,zero,zero,zero,zero,2,2,zero,2,zero
mmT-miR-301a-3p,zero,zero,zero,zero,zero,zero,zero,13,6,1,1,zero
mmT-miR-301b-5p,zero,zero,zero,zero,zero,zero,zero,3,2,zero,zero,zero
mmT-miR-3064-3p,zero,zero,zero,zero,zero,zero,zero,1,zero,zero,zero,zero
mmT-miR-3066-3p,zero,zero,zero,zero,zero,zero,zero,7,1,1,zero,zero
mmT-miR-3076-3p,zero,zero,zero,zero,zero,zero,zero,5,4,1,2,zero
mmT-miR-3076-5p,zero,zero,zero,zero,zero,zero,zero,2,zero,zero,zero,zero
mmT-miR-3077-3p,zero,zero,zero,zero,zero,zero,zero,8,zero,zero,1,zero
mmT-miR-3080-5p,zero,zero,zero,zero,zero,zero,zero,3,zero,zero,zero,zero
mmT-miR-3086-3p,zero,zero,zero,zero,zero,zero,zero,2,zero,zero,zero,zero
mmT-miR-3086-5p,zero,zero,zero,zero,zero,zero,zero,2,1,zero,2,zero
mmT-miR-3087-3p,zero,zero,zero,zero,zero,zero,zero,3,4,1,zero,1
mmT-miR-3089-3p,zero,zero,zero,zero,zero,zero,zero,2,zero,4,zero,1
mmT-miR-3091-3p,zero,zero,zero,zero,zero,zero,zero,2,zero,zero,zero,zero
mmT-miR-3091-5p,zero,zero,zero,zero,zero,zero,zero,1,zero,zero,zero,zero
mmT-miR-3094-3p,zero,zero,zero,zero,zero,zero,zero,2,2,zero,zero,zero
mmT-miR-3101-5p,zero,zero,zero,zero,zero,zero,zero,1,zero,zero,zero,zero
mmT-miR-3103-3p,zero,zero,zero,zero,zero,zero,zero,3,1,1,1,zero
mmT-miR-326-5p,zero,zero,zero,zero,zero,zero,zero,4,2,zero,1,zero
mmT-miR-344b-3p,zero,zero,zero,zero,zero,zero,zero,6,zero,zero,zero,zero
mmT-miR-3473g,zero,zero,zero,zero,zero,zero,zero,2,1,zero,zero,zero
mmT-miR-350-5p,zero,zero,zero,zero,zero,zero,zero,1,zero,zero,zero,zero
mmT-miR-3572-3p,zero,zero,zero,zero,zero,zero,zero,2,zero,zero,zero,zero
mmT-miR-3620-5p,zero,zero,zero,zero,zero,zero,zero,2,zero,zero,zero,zero
mmT-miR-365-2-5p,zero,zero,zero,zero,zero,zero,zero,5,4,2,zero,zero
mmT-miR-369-3p,zero,zero,zero,zero,zero,zero,zero,1,zero,zero,zero,zero
mmT-miR-374c-5p,zero,zero,zero,zero,zero,zero,zero,5,1,2,2,zero
mmT-miR-376b-3p,zero,zero,zero,zero,zero,zero,zero,5,zero,zero,zero,zero
mmT-miR-376c-3p,zero,zero,zero,zero,zero,zero,zero,7,zero,2,1,zero
mmT-miR-380-5p,zero,zero,zero,zero,zero,zero,zero,2,zero,zero,zero,zero
mmT-miR-3964,zero,zero,zero,zero,zero,zero,zero,2,zero,zero,zero,zero
mmT-miR-3968,zero,zero,zero,zero,zero,zero,zero,2,zero,zero,zero,zero
mmT-miR-410-3p,zero,zero,zero,zero,zero,zero,zero,12,2,zero,1,zero
mmT-miR-411-3p,zero,zero,zero,zero,zero,zero,zero,1,zero,2,6,1
mmT-miR-450a-2-3p,zero,zero,zero,zero,zero,zero,zero,2,2,1,1,zero
mmT-miR-452-5p,zero,zero,zero,zero,zero,zero,zero,2,zero,zero,zero,zero
mmT-miR-465b-5p,zero,zero,zero,zero,zero,zero,zero,1,zero,zero,1,zero
mmT-miR-466h-3p,zero,zero,zero,zero,zero,zero,zero,4,3,1,zero,zero
mmT-miR-466h-5p,zero,zero,zero,zero,zero,zero,zero,9,4,3,2,zero
mmT-miR-466i-5p,zero,zero,zero,zero,zero,zero,zero,5,4,18,27,6
mmT-miR-466n-5p,zero,zero,zero,zero,zero,zero,zero,2,3,3,zero,zero
mmT-miR-467b-3p,zero,zero,zero,zero,zero,zero,zero,1,zero,zero,zero,zero
mmT-miR-485-5p,zero,zero,zero,zero,zero,zero,zero,3,zero,zero,zero,zero
mmT-miR-487b-3p,zero,zero,zero,zero,zero,zero,zero,2,zero,zero,zero,zero
mmT-miR-491-5p,zero,zero,zero,zero,zero,zero,zero,1,zero,zero,1,zero
mmT-miR-505-3p,zero,zero,zero,zero,zero,zero,zero,15,8,2,1,zero
mmT-miR-5103,zero,zero,zero,zero,zero,zero,zero,14,zero,zero,zero,zero
mmT-miR-5110,zero,zero,zero,zero,zero,zero,zero,4,zero,zero,zero,zero
mmT-miR-5113,zero,zero,zero,zero,zero,zero,zero,7,6,zero,1,zero
mmT-miR-5119,zero,zero,zero,zero,zero,zero,zero,4,3,zero,2,1
mmT-miR-5120,zero,zero,zero,zero,zero,zero,zero,4,4,1,zero,zero
mmT-miR-5123,zero,zero,zero,zero,zero,zero,zero,1,2,zero,zero,zero
mmT-miR-5128,zero,zero,zero,zero,zero,zero,zero,6,3,zero,zero,zero
mmT-miR-5130,zero,zero,zero,zero,zero,zero,zero,9,4,zero,3,zero
mmT-miR-5134-3p,zero,zero,zero,zero,zero,zero,zero,2,1,zero,zero,zero
mmT-miR-5134-5p,zero,zero,zero,zero,zero,zero,zero,1,zero,zero,zero,zero
mmT-miR-5615-3p,zero,zero,zero,zero,zero,zero,zero,1,zero,zero,zero,zero
mmT-miR-5616-5p,zero,zero,zero,zero,zero,zero,zero,2,zero,zero,zero,zero
mmT-miR-5618-5p,zero,zero,zero,zero,zero,zero,zero,2,zero,zero,zero,zero
mmT-miR-5623-5p,zero,zero,zero,zero,zero,zero,zero,9,zero,1,1,zero
mmT-miR-5709-5p,zero,zero,zero,zero,zero,zero,zero,8,1,1,1,1
mmT-miR-582-5p,zero,zero,zero,zero,zero,zero,zero,8,zero,zero,zero,zero
mmT-miR-592-5p,zero,zero,zero,zero,zero,zero,zero,1,4,1,zero,zero
mmT-miR-6236,zero,zero,zero,zero,zero,zero,zero,15,2,3,4,zero
mmT-miR-6238,zero,zero,zero,zero,zero,zero,zero,1,zero,zero,zero,zero
mmT-miR-6239,zero,zero,zero,zero,zero,zero,zero,1,zero,zero,1,zero
mmT-miR-6380,zero,zero,zero,zero,zero,zero,zero,1,1,zero,zero,zero
mmT-miR-6481,zero,zero,zero,zero,zero,zero,zero,3,zero,zero,zero,zero
mmT-miR-665-3p,zero,zero,zero,zero,zero,zero,zero,1,zero,zero,2,zero
mmT-miR-666-5p,zero,zero,zero,zero,zero,zero,zero,5,1,zero,zero,zero
mmT-miR-669h-5p,zero,zero,zero,zero,zero,zero,zero,2,1,zero,2,zero
mmT-miR-669m-3p,zero,zero,zero,zero,zero,zero,zero,4,zero,zero,zero,zero
mmT-miR-669m-5p,zero,zero,zero,zero,zero,zero,zero,7,3,zero,2,1
mmT-miR-669p-3p,zero,zero,zero,zero,zero,zero,zero,7,5,1,1,zero
mmT-miR-673-3p,zero,zero,zero,zero,zero,zero,zero,5,zero,zero,zero,zero
mmT-miR-6896-5p,zero,zero,zero,zero,zero,zero,zero,2,zero,zero,2,1
mmT-miR-6897-5p,zero,zero,zero,zero,zero,zero,zero,1,zero,1,zero,zero
mmT-miR-6900-3p,zero,zero,zero,zero,zero,zero,zero,6,3,1,2,zero
mmT-miR-6904-5p,zero,zero,zero,zero,zero,zero,zero,1,zero,zero,zero,zero
mmT-miR-6912-5p,zero,zero,zero,zero,zero,zero,zero,1,zero,zero,zero,zero
mmT-miR-6913-5p,zero,zero,zero,zero,zero,zero,zero,1,zero,zero,zero,zero
mmT-miR-6914-3p,zero,zero,zero,zero,zero,zero,zero,1,zero,zero,zero,zero
mmT-miR-6916-5p,zero,zero,zero,zero,zero,zero,zero,6,1,2,2,zero
mmT-miR-6919-5p,zero,zero,zero,zero,zero,zero,zero,6,zero,zero,zero,zero
mmT-miR-6921-3p,zero,zero,zero,zero,zero,zero,zero,4,zero,zero,zero,zero
mmT-miR-6922-5p,zero,zero,zero,zero,zero,zero,zero,1,2,zero,zero,zero
mmT-miR-6931-3p,zero,zero,zero,zero,zero,zero,zero,1,zero,zero,zero,zero
mmT-miR-6932-5p,zero,zero,zero,zero,zero,zero,zero,4,zero,zero,zero,zero
mmT-miR-6936-5p,zero,zero,zero,zero,zero,zero,zero,1,zero,zero,zero,zero
mmT-miR-6940-3p,zero,zero,zero,zero,zero,zero,zero,1,zero,zero,zero,zero
mmT-miR-6946-3p,zero,zero,zero,zero,zero,zero,zero,3,zero,zero,1,zero
mmT-miR-6953-3p,zero,zero,zero,zero,zero,zero,zero,3,zero,zero,1,zero
mmT-miR-6954-5p,zero,zero,zero,zero,zero,zero,zero,1,1,zero,zero,zero
mmT-miR-6955-3p,zero,zero,zero,zero,zero,zero,zero,3,zero,zero,zero,zero
mmT-miR-6957-3p,zero,zero,zero,zero,zero,zero,zero,12,3,2,zero,zero
mmT-miR-6958-3p,zero,zero,zero,zero,zero,zero,zero,2,zero,zero,zero,zero
mmT-miR-696,zero,zero,zero,zero,zero,zero,zero,3,zero,zero,zero,zero
mmT-miR-6962-3p,zero,zero,zero,zero,zero,zero,zero,1,zero,zero,zero,zero
mmT-miR-6964-3p,zero,zero,zero,zero,zero,zero,zero,1,zero,zero,zero,zero
mmT-miR-6964-5p,zero,zero,zero,zero,zero,zero,zero,3,zero,zero,zero,zero
mmT-miR-6967-3p,zero,zero,zero,zero,zero,zero,zero,3,zero,zero,zero,zero
mmT-miR-6968-3p,zero,zero,zero,zero,zero,zero,zero,3,zero,zero,zero,zero
mmT-miR-6975-3p,zero,zero,zero,zero,zero,zero,zero,3,2,zero,zero,zero
mmT-miR-6978-5p,zero,zero,zero,zero,zero,zero,zero,1,zero,zero,zero,zero
mmT-miR-6980-3p,zero,zero,zero,zero,zero,zero,zero,2,zero,zero,zero,zero
mmT-miR-6983-5p,zero,zero,zero,zero,zero,zero,zero,1,zero,zero,zero,zero
mmT-miR-6984-5p,zero,zero,zero,zero,zero,zero,zero,1,zero,zero,zero,zero
mmT-miR-6990-3p,zero,zero,zero,zero,zero,zero,zero,2,zero,zero,zero,zero
mmT-miR-6990-5p,zero,zero,zero,zero,zero,zero,zero,9,2,9,4,1
mmT-miR-6992-5p,zero,zero,zero,zero,zero,zero,zero,2,zero,zero,zero,zero
mmT-miR-6996-3p,zero,zero,zero,zero,zero,zero,zero,2,zero,zero,1,zero
mmT-miR-6997-3p,zero,zero,zero,zero,zero,zero,zero,1,zero,zero,zero,zero
mmT-miR-6999-3p,zero,zero,zero,zero,zero,zero,zero,5,zero,zero,zero,zero
mmT-miR-6999-5p,zero,zero,zero,zero,zero,zero,zero,1,zero,zero,zero,zero
mmT-miR-7006-3p,zero,zero,zero,zero,zero,zero,zero,1,zero,zero,zero,zero
mmT-miR-7007-5p,zero,zero,zero,zero,zero,zero,zero,6,zero,2,zero,zero
mmT-miR-7008-3p,zero,zero,zero,zero,zero,zero,zero,1,zero,zero,zero,zero
mmT-miR-7013-5p,zero,zero,zero,zero,zero,zero,zero,1,3,zero,zero,2
mmT-miR-7015-5p,zero,zero,zero,zero,zero,zero,zero,4,zero,zero,2,zero
mmT-miR-701-5p,zero,zero,zero,zero,zero,zero,zero,1,zero,zero,zero,zero
mmT-miR-7022-5p,zero,zero,zero,zero,zero,zero,zero,4,6,zero,2,zero
mmT-miR-7023-3p,zero,zero,zero,zero,zero,zero,zero,7,zero,zero,zero,zero
mmT-miR-7030-5p,zero,zero,zero,zero,zero,zero,zero,1,zero,zero,zero,zero
mmT-miR-7031-3p,zero,zero,zero,zero,zero,zero,zero,3,zero,zero,zero,zero
mmT-miR-7031-5p,zero,zero,zero,zero,zero,zero,zero,2,zero,1,zero,zero
mmT-miR-7034-3p,zero,zero,zero,zero,zero,zero,zero,2,1,zero,zero,zero
mmT-miR-7037-5p,zero,zero,zero,zero,zero,zero,zero,2,zero,zero,zero,zero
mmT-miR-7038-3p,zero,zero,zero,zero,zero,zero,zero,3,zero,zero,zero,zero
mmT-miR-7046-3p,zero,zero,zero,zero,zero,zero,zero,1,zero,zero,zero,zero
mmT-miR-7046-5p,zero,zero,zero,zero,zero,zero,zero,1,zero,zero,2,zero
mmT-miR-7050-5p,zero,zero,zero,zero,zero,zero,zero,4,zero,zero,zero,zero
mmT-miR-7052-5p,zero,zero,zero,zero,zero,zero,zero,2,1,zero,zero,zero
mmT-miR-7058-5p,zero,zero,zero,zero,zero,zero,zero,4,zero,zero,zero,zero
mmT-miR-7061-5p,zero,zero,zero,zero,zero,zero,zero,5,zero,zero,zero,zero
mmT-miR-7064-3p,zero,zero,zero,zero,zero,zero,zero,1,1,zero,zero,zero
mmT-miR-7065-3p,zero,zero,zero,zero,zero,zero,zero,1,zero,zero,zero,zero
mmT-miR-7069-5p,zero,zero,zero,zero,zero,zero,zero,1,zero,zero,1,zero
mmT-miR-7070-3p,zero,zero,zero,zero,zero,zero,zero,1,zero,zero,zero,zero
mmT-miR-7073-5p,zero,zero,zero,zero,zero,zero,zero,5,4,1,1,zero
mmT-miR-7075-3p,zero,zero,zero,zero,zero,zero,zero,7,zero,zero,1,2
mmT-miR-7079-3p,zero,zero,zero,zero,zero,zero,zero,1,zero,zero,zero,zero
mmT-miR-7081-3p,zero,zero,zero,zero,zero,zero,zero,8,zero,zero,1,zero
mmT-miR-7082-3p,zero,zero,zero,zero,zero,zero,zero,1,zero,zero,zero,zero
mmT-miR-7084-5p,zero,zero,zero,zero,zero,zero,zero,1,zero,zero,zero,zero
mmT-miR-7092-5p,zero,zero,zero,zero,zero,zero,zero,4,4,3,3,1
mmT-miR-7093-3p,zero,zero,zero,zero,zero,zero,zero,7,7,zero,zero,1
mmT-miR-7094-1-5p,zero,zero,zero,zero,zero,zero,zero,1,zero,zero,zero,zero
mmT-miR-7094b-2-5p,zero,zero,zero,zero,zero,zero,zero,2,zero,zero,zero,zero
mmT-miR-712-3p,zero,zero,zero,zero,zero,zero,zero,1,zero,zero,zero,zero
mmT-miR-7213-5p,zero,zero,zero,zero,zero,zero,zero,8,6,1,zero,zero
mmT-miR-7219-5p,zero,zero,zero,zero,zero,zero,zero,1,zero,zero,zero,zero
mmT-miR-7227-3p,zero,zero,zero,zero,zero,zero,zero,3,1,zero,zero,zero
mmT-miR-7237-3p,zero,zero,zero,zero,zero,zero,zero,1,zero,zero,zero,zero
mmT-miR-7237-5p,zero,zero,zero,zero,zero,zero,zero,1,zero,zero,zero,zero
mmT-miR-7240-5p,zero,zero,zero,zero,zero,zero,zero,1,zero,zero,zero,zero
mmT-miR-760-3p,zero,zero,zero,zero,zero,zero,zero,5,1,zero,1,zero
mmT-miR-7646-3p,zero,zero,zero,zero,zero,zero,zero,3,zero,zero,zero,2
mmT-miR-7647-3p,zero,zero,zero,zero,zero,zero,zero,4,zero,2,zero,zero
mmT-miR-7648-3p,zero,zero,zero,zero,zero,zero,zero,1,1,zero,2,zero
mmT-miR-7650-5p,zero,zero,zero,zero,zero,zero,zero,1,zero,zero,zero,zero
mmT-miR-7653-3p,zero,zero,zero,zero,zero,zero,zero,1,zero,zero,zero,zero
mmT-miR-7653-5p,zero,zero,zero,zero,zero,zero,zero,3,zero,zero,zero,zero
mmT-miR-7654-3p,zero,zero,zero,zero,zero,zero,zero,1,zero,zero,zero,zero
mmT-miR-7655-5p,zero,zero,zero,zero,zero,zero,zero,1,zero,zero,zero,zero
mmT-miR-7658-3p,zero,zero,zero,zero,zero,zero,zero,5,zero,zero,zero,zero
mmT-miR-7658-5p,zero,zero,zero,zero,zero,zero,zero,5,1,zero,zero,zero
mmT-miR-7663-3p,zero,zero,zero,zero,zero,zero,zero,2,zero,zero,zero,zero
mmT-miR-7666-3p,zero,zero,zero,zero,zero,zero,zero,1,1,zero,zero,zero
mmT-miR-7667-5p,zero,zero,zero,zero,zero,zero,zero,3,zero,zero,zero,zero
mmT-miR-7668-3p,zero,zero,zero,zero,zero,zero,zero,2,zero,zero,1,zero
mmT-miR-7668-5p,zero,zero,zero,zero,zero,zero,zero,2,3,zero,1,zero
mmT-miR-7669-5p,zero,zero,zero,zero,zero,zero,zero,12,2,zero,zero,zero
mmT-miR-7670-5p,zero,zero,zero,zero,zero,zero,zero,3,2,zero,1,zero
mmT-miR-7671-3p,zero,zero,zero,zero,zero,zero,zero,2,2,zero,zero,zero
mmT-miR-7671-5p,zero,zero,zero,zero,zero,zero,zero,1,1,zero,zero,zero
mmT-miR-7675-3p,zero,zero,zero,zero,zero,zero,zero,1,zero,zero,zero,zero
mmT-miR-7676-5p,zero,zero,zero,zero,zero,zero,zero,5,1,1,zero,zero
mmT-miR-7677-3p,zero,zero,zero,zero,zero,zero,zero,3,zero,2,zero,zero
mmT-miR-7683-3p,zero,zero,zero,zero,zero,zero,zero,2,1,zero,zero,zero
mmT-miR-7687-5p,zero,zero,zero,zero,zero,zero,zero,2,zero,zero,zero,zero
mmT-miR-8090,zero,zero,zero,zero,zero,zero,zero,8,zero,zero,1,zero
mmT-miR-8092,zero,zero,zero,zero,zero,zero,zero,1,zero,zero,zero,zero
mmT-miR-8094,zero,zero,zero,zero,zero,zero,zero,12,3,2,1,1
mmT-miR-8098,zero,zero,zero,zero,zero,zero,zero,1,1,zero,zero,zero
mmT-miR-8104,zero,zero,zero,zero,zero,zero,zero,1,zero,zero,zero,zero
mmT-miR-8105,zero,zero,zero,zero,zero,zero,zero,2,zero,8,9,5
mmT-miR-8108,zero,zero,zero,zero,zero,zero,zero,9,3,zero,zero,1
mmT-miR-8111,zero,zero,zero,zero,zero,zero,zero,11,zero,1,3,zero
mmT-miR-8118,zero,zero,zero,zero,zero,zero,zero,2,1,2,2,zero
mmT-miR-871-3p,zero,zero,zero,zero,zero,zero,zero,7,zero,1,1,zero
mmT-miR-879-5p,zero,zero,zero,zero,zero,zero,zero,1,zero,zero,zero,zero
mmT-miR-881-3p,zero,zero,zero,zero,zero,zero,zero,1,zero,1,zero,zero
mmT-miR-96-3p,zero,zero,zero,zero,zero,zero,zero,2,zero,zero,zero,zero
mmT-miR-103-2-5p,zero,zero,zero,zero,zero,zero,zero,zero,1,zero,zero,zero
mmT-miR-12202-3p,zero,zero,zero,zero,zero,zero,zero,zero,1,zero,zero,zero
mmT-miR-181d-3p,zero,zero,zero,zero,zero,zero,zero,zero,1,zero,zero,zero
mmT-miR-188-3p,zero,zero,zero,zero,zero,zero,zero,zero,1,2,zero,zero
mmT-miR-219b-3p,zero,zero,zero,zero,zero,zero,zero,zero,1,zero,zero,zero
mmT-miR-3063-3p,zero,zero,zero,zero,zero,zero,zero,zero,1,zero,zero,zero
mmT-miR-3097-3p,zero,zero,zero,zero,zero,zero,zero,zero,1,zero,zero,zero
mmT-miR-328-5p,zero,zero,zero,zero,zero,zero,zero,zero,1,zero,1,1
mmT-miR-335-5p,zero,zero,zero,zero,zero,zero,zero,zero,1,zero,zero,1
mmT-miR-3471,zero,zero,zero,zero,zero,zero,zero,zero,1,zero,zero,zero
mmT-miR-376b-5p,zero,zero,zero,zero,zero,zero,zero,zero,2,zero,zero,zero
mmT-miR-377-3p,zero,zero,zero,zero,zero,zero,zero,zero,1,zero,zero,zero
mmT-miR-450a-1-3p,zero,zero,zero,zero,zero,zero,zero,zero,1,zero,1,2
mmT-miR-466l-5p,zero,zero,zero,zero,zero,zero,zero,zero,1,zero,zero,zero
mmT-miR-489-3p,zero,zero,zero,zero,zero,zero,zero,zero,1,zero,zero,zero
mmT-miR-5627-3p,zero,zero,zero,zero,zero,zero,zero,zero,1,zero,2,zero
mmT-miR-6375,zero,zero,zero,zero,zero,zero,zero,zero,1,zero,zero,zero
mmT-miR-6541,zero,zero,zero,zero,zero,zero,zero,zero,2,zero,1,zero
mmT-miR-669c-3p,zero,zero,zero,zero,zero,zero,zero,zero,2,1,zero,zero
mmT-miR-669l-3p,zero,zero,zero,zero,zero,zero,zero,zero,1,zero,2,zero
mmT-miR-6898-5p,zero,zero,zero,zero,zero,zero,zero,zero,1,zero,zero,zero
mmT-miR-6910-5p,zero,zero,zero,zero,zero,zero,zero,zero,1,zero,zero,zero
mmT-miR-6912-3p,zero,zero,zero,zero,zero,zero,zero,zero,1,zero,zero,zero
mmT-miR-6919-3p,zero,zero,zero,zero,zero,zero,zero,zero,1,zero,zero,zero
mmT-miR-692,zero,zero,zero,zero,zero,zero,zero,zero,1,zero,zero,zero
mmT-miR-6928-3p,zero,zero,zero,zero,zero,zero,zero,zero,1,zero,zero,zero
mmT-miR-6938-3p,zero,zero,zero,zero,zero,zero,zero,zero,2,zero,zero,zero
mmT-miR-6961-3p,zero,zero,zero,zero,zero,zero,zero,zero,1,2,zero,zero
mmT-miR-6962-5p,zero,zero,zero,zero,zero,zero,zero,zero,2,zero,zero,zero
mmT-miR-6965-3p,zero,zero,zero,zero,zero,zero,zero,zero,2,zero,zero,zero
mmT-miR-6971-3p,zero,zero,zero,zero,zero,zero,zero,zero,1,zero,zero,zero
mmT-miR-6973a-3p,zero,zero,zero,zero,zero,zero,zero,zero,1,zero,zero,zero
mmT-miR-6973a-5p,zero,zero,zero,zero,zero,zero,zero,zero,1,zero,zero,zero
mmT-miR-6994-5p,zero,zero,zero,zero,zero,zero,zero,zero,1,zero,zero,zero
mmT-miR-7024-3p,zero,zero,zero,zero,zero,zero,zero,zero,1,zero,zero,zero
mmT-miR-7041-5p,zero,zero,zero,zero,zero,zero,zero,zero,1,zero,zero,zero
mmT-miR-7042-5p,zero,zero,zero,zero,zero,zero,zero,zero,1,zero,zero,zero
mmT-miR-7048-3p,zero,zero,zero,zero,zero,zero,zero,zero,1,zero,zero,zero
mmT-miR-706,zero,zero,zero,zero,zero,zero,zero,zero,1,zero,zero,zero
mmT-miR-7063-3p,zero,zero,zero,zero,zero,zero,zero,zero,2,zero,zero,zero
mmT-miR-7069-3p,zero,zero,zero,zero,zero,zero,zero,zero,1,zero,1,zero
mmT-miR-7085-3p,zero,zero,zero,zero,zero,zero,zero,zero,1,zero,zero,zero
mmT-miR-7086-5p,zero,zero,zero,zero,zero,zero,zero,zero,1,1,zero,zero
mmT-miR-7087-3p,zero,zero,zero,zero,zero,zero,zero,zero,1,zero,zero,zero
mmT-miR-7212-5p,zero,zero,zero,zero,zero,zero,zero,zero,1,zero,zero,zero
mmT-miR-7654-5p,zero,zero,zero,zero,zero,zero,zero,zero,1,zero,zero,zero
mmT-miR-7664-3p,zero,zero,zero,zero,zero,zero,zero,zero,3,zero,zero,zero
mmT-miR-7672-3p,zero,zero,zero,zero,zero,zero,zero,zero,1,zero,3,zero
mmT-miR-8091,zero,zero,zero,zero,zero,zero,zero,zero,4,zero,2,zero
mmT-miR-1194,zero,zero,zero,zero,zero,zero,zero,zero,zero,1,zero,zero
mmT-miR-126b-5p,zero,zero,zero,zero,zero,zero,zero,zero,zero,2,zero,zero
mmT-miR-136-5p,zero,zero,zero,zero,zero,zero,zero,zero,zero,1,1,zero
mmT-miR-184-5p,zero,zero,zero,zero,zero,zero,zero,zero,zero,1,zero,zero
mmT-miR-1966-5p,zero,zero,zero,zero,zero,zero,zero,zero,zero,1,zero,zero
mmT-miR-1b-5p,zero,zero,zero,zero,zero,zero,zero,zero,zero,2,zero,zero
mmT-miR-292a-5p,zero,zero,zero,zero,zero,zero,zero,zero,zero,1,zero,zero
mmT-miR-3074-1-3p,zero,zero,zero,zero,zero,zero,zero,zero,zero,1,1,1
mmT-miR-449a-3p,zero,zero,zero,zero,zero,zero,zero,zero,zero,1,zero,zero
mmT-miR-466e-5p,zero,zero,zero,zero,zero,zero,zero,zero,zero,1,zero,zero
mmT-miR-5626-5p,zero,zero,zero,zero,zero,zero,zero,zero,zero,1,zero,zero
mmT-miR-6382,zero,zero,zero,zero,zero,zero,zero,zero,zero,2,zero,zero
mmT-miR-6516-3p,zero,zero,zero,zero,zero,zero,zero,zero,zero,1,zero,zero
mmT-miR-653-3p,zero,zero,zero,zero,zero,zero,zero,zero,zero,1,zero,zero
mmT-miR-6908-3p,zero,zero,zero,zero,zero,zero,zero,zero,zero,1,zero,zero
mmT-miR-6985-5p,zero,zero,zero,zero,zero,zero,zero,zero,zero,1,zero,zero
mmT-miR-7002-5p,zero,zero,zero,zero,zero,zero,zero,zero,zero,1,zero,zero
mmT-miR-7024-5p,zero,zero,zero,zero,zero,zero,zero,zero,zero,2,zero,zero
mmT-miR-7038-5p,zero,zero,zero,zero,zero,zero,zero,zero,zero,1,zero,zero
mmT-miR-7040-5p,zero,zero,zero,zero,zero,zero,zero,zero,zero,2,zero,zero
mmT-miR-7063-5p,zero,zero,zero,zero,zero,zero,zero,zero,zero,1,zero,zero
mmT-miR-7092-3p,zero,zero,zero,zero,zero,zero,zero,zero,zero,1,zero,zero
mmT-miR-7093-5p,zero,zero,zero,zero,zero,zero,zero,zero,zero,1,zero,zero
mmT-miR-7115-3p,zero,zero,zero,zero,zero,zero,zero,zero,zero,1,zero,zero
mmT-miR-714,zero,zero,zero,zero,zero,zero,zero,zero,zero,1,1,zero
mmT-miR-7651-3p,zero,zero,zero,zero,zero,zero,zero,zero,zero,1,zero,zero
mmT-miR-190a-3p,zero,zero,zero,zero,zero,zero,zero,zero,zero,zero,1,2
mmT-miR-1962,zero,zero,zero,zero,zero,zero,zero,zero,zero,zero,1,zero
mmT-miR-202-3p,zero,zero,zero,zero,zero,zero,zero,zero,zero,zero,1,zero
mmT-miR-3094-5p,zero,zero,zero,zero,zero,zero,zero,zero,zero,zero,1,zero
mmT-miR-3102-5p.2-5p,zero,zero,zero,zero,zero,zero,zero,zero,zero,zero,1,zero
mmT-miR-3473f,zero,zero,zero,zero,zero,zero,zero,zero,zero,zero,1,zero
mmT-miR-412-5p,zero,zero,zero,zero,zero,zero,zero,zero,zero,zero,2,zero
mmT-miR-491-3p,zero,zero,zero,zero,zero,zero,zero,zero,zero,zero,1,zero
mmT-miR-493-5p,zero,zero,zero,zero,zero,zero,zero,zero,zero,zero,1,zero
mmT-miR-494-3p,zero,zero,zero,zero,zero,zero,zero,zero,zero,zero,3,zero
mmT-miR-668-3p,zero,zero,zero,zero,zero,zero,zero,zero,zero,zero,1,zero
mmT-miR-669k-5p,zero,zero,zero,zero,zero,zero,zero,zero,zero,zero,1,zero
mmT-miR-6983-3p,zero,zero,zero,zero,zero,zero,zero,zero,zero,zero,2,zero
mmT-miR-6996-5p,zero,zero,zero,zero,zero,zero,zero,zero,zero,zero,1,zero
mmT-miR-7090-3p,zero,zero,zero,zero,zero,zero,zero,zero,zero,zero,1,zero
mmT-miR-741-3p,zero,zero,zero,zero,zero,zero,zero,zero,zero,zero,1,zero
mmT-miR-8117,zero,zero,zero,zero,zero,zero,zero,zero,zero,zero,1,zero
mmT-miR-1971,zero,zero,zero,zero,zero,zero,zero,zero,zero,zero,zero,2
mmT-miR-380-3p,zero,zero,zero,zero,zero,zero,zero,zero,zero,zero,zero,1
mmT-miR-466l-3p,zero,zero,zero,zero,zero,zero,zero,zero,zero,zero,zero,1
mmT-miR-6403,zero,zero,zero,zero,zero,zero,zero,zero,zero,zero,zero,1
mmT-miR-6933-3p,zero,zero,zero,zero,zero,zero,zero,zero,zero,zero,zero,1
mmT-miR-7001-5p,zero,zero,zero,zero,zero,zero,zero,zero,zero,zero,zero,1
